company,phone,,Announced,OS,Announced,Price,Total Sales,7/1/2007,8/1/2007,9/1/2007,10/1/2007,11/1/2007,12/1/2007,1/1/2008,2/1/2008,3/1/2008,4/1/2008,5/1/2008,6/1/2008,7/1/2008,8/1/2008,9/1/2008,10/1/2008,11/1/2008,12/1/2008,1/1/2009,2/1/2009,3/1/2009,4/1/2009,5/1/2009,6/1/2009,7/1/2009,8/1/2009,9/1/2009,10/1/2009,11/1/2009
ACER,Acer Liquid X2,,2015,Android OS,4/1/2015,20071,425899,0,0,0,0,0,0,0,0,0,92,7039,11086,13937,16229,17986,19574,20935,22073,23174,24129,25010,25837,26510,27216,27857,28473,29096,29567,30079
ACER,Acer Liquid Z330,,2015,Android OS,9/1/2015,12453,38553,0,0,0,0,0,0,0,0,0,0,0,0,0,0,8768,5733,3986,2685,1768,953,259,309,830,1257,1734,2047,2444,2735,3045
ACER,Acer Liquid Z630,,2015,Android OS,9/1/2015,16862,52249,0,0,0,0,0,0,0,0,0,0,0,0,0,0,11897,7715,5436,3696,2307,1330,427,466,1056,1734,2338,2834,3228,3673,4112
ACER,Acer Liquid Jade Z,,2015,Android OS,3/1/2015,16757,533321,0,0,0,0,0,0,0,0,73,8162,12891,16285,18927,21080,22842,24438,25880,27017,28190,29181,30120,30988,31763,32595,33268,34009,34599,35200,35813
ACER,Acer Liquid M220,,2015,Microsoft Windows Phone 8.1,3/1/2015,8914,405541,0,0,0,0,0,0,0,0,39,6260,9826,12361,14435,15973,17401,18624,19650,20570,21411,22193,22922,23592,24195,24735,25268,25812,26303,26788,27183
ACER,Acer Liquid Jade S,,2014,Android OS,12/1/2014,17041,269756,0,0,0,0,0,0,0,0,0,0,0,0,0,0,0,0,65,8356,13159,16598,19316,21385,23319,24877,26222,27499,28666,29670,30624
ACER,Acer Liquid X1,,2014,Android OS,6/1/2014,25446,501957,0,0,0,0,0,0,0,0,0,0,113,8935,14039,17742,20536,22884,24882,26467,28082,29404,30550,31712,32759,33659,34500,35280,36058,36892,37463
ACER,Acer Liquid Jade,,2014,Android OS,6/1/2014,17202,73760,0,0,0,0,0,0,0,0,0,0,12054,7972,5457,3752,2443,1332,405,371,1163,1788,2383,2871,3296,3793,4195,4607,5014,5266,5598
ACER,Acer Liquid E700,,2014,Android OS,6/1/2014,16481,70869,0,0,0,0,0,0,0,0,0,0,11645,7578,5293,3598,2342,1310,405,426,1132,1745,2199,2737,3154,3653,4067,4388,4710,5067,5420
ACER,Acer Liquid E3 Duo Plus,,2014,Android OS,6/1/2014,20367,401674,0,0,0,0,0,0,0,0,0,0,56,7103,11237,14192,16461,18265,19872,21245,22425,23476,24488,25382,26190,26903,27581,28293,28950,29504,30051
ACER,Acer Liquid E3,,2014,Android OS,2/1/2014,16238,587847,0,0,0,0,0,0,50,7904,12574,15760,18389,20429,22200,23723,24997,26218,27328,28293,29213,30102,30869,31538,32261,32906,33489,34124,34685,35149,35646
ACER,Acer Liquid S2,,2013,Android OS,8/1/2013,28930,81817,0,0,0,0,0,0,0,0,0,0,0,14559,9559,6590,4483,2930,1520,478,448,1373,2055,2809,3432,3987,4614,5100,5508,6015,6357
ACER,Acer Liquid S1,,2013,Android OS,6/1/2013,28909,613489,0,0,0,0,0,0,0,0,0,35,10126,15937,20172,23406,26032,28189,30132,31767,33343,34789,35972,37193,38235,39216,40166,41082,41777,42588,43332
ACER,Acer Liquid E2,,2013,Android OS,4/1/2013,17038,579489,0,0,0,0,0,0,0,20,8382,13138,16622,19224,21437,23321,24871,26288,27518,28634,29686,30708,31547,32409,33120,33804,34532,35136,35756,36373,36963
ACER,Acer Liquid Z2,,2013,Android OS,2/1/2013,8464,464734,0,0,0,0,0,66,5905,9382,11758,13638,15180,16524,17633,18672,19543,20356,21038,21783,22343,22952,23523,24012,24473,25002,25400,25827,26166,26616,26942
ACER,Acer Liquid E1,,2013,Android OS,1/1/2013,17184,698910,0,0,0,0,57,8372,13217,16788,19387,21640,23464,25038,26496,27813,28864,29937,30961,31761,32612,33430,34098,34812,35445,36060,36658,37215,37814,38238,38733
ACER,Acer Iconia Tab A110,,2012,Android OS,10/1/2012,13173,309849,0,0,0,0,0,0,0,0,0,0,0,0,86,6425,10154,12856,14870,16568,18031,19199,20329,21295,22193,22980,23723,24383,25021,25609,26127
ACER,Acer Liquid Z110,,2012,Android OS,10/1/2012,8785,294985,0,0,0,0,0,0,0,0,0,0,0,0,56,6135,9725,12206,14177,15740,17097,18302,19372,20238,21121,21832,22550,23198,23862,24404,24970
ACER,Acer Liquid Express E320,,2011,Android OS,9/1/2011,8204,50085,0,0,0,0,0,0,0,0,0,0,8283,5360,3726,2597,1664,870,276,293,778,1161,1608,1929,2282,2558,2833,3101,3348,3572,3846
ACER,Acer Iconia Tab A501,,2011,Android OS,2/1/2011,32667,163983,0,0,0,16349,10701,7400,5132,3306,1766,533,552,1504,2403,3231,3853,4599,5080,5737,6217,6732,7228,7584,8111,8407,8798,9170,9589,9823,10178
ACER,Acer Iconia Smart,,2011,Android OS,2/1/2011,20563,631005,0,0,0,37,7159,11362,14316,16609,18477,20027,21389,22660,23772,24669,25637,26433,27134,27896,28586,29169,29764,30283,30811,31383,31791,32241,32702,33180,33518
ACER,Acer Iconia Tab A500,,2011,Android OS,2/1/2011,21094,647426,0,0,0,80,7405,11605,14621,16994,18969,20531,21980,23180,24330,25345,26244,27112,27935,28586,29309,29883,30562,31159,31695,32210,32674,33111,33562,33980,34364
ACER,Acer Liquid mini E310,,2011,Android OS,1/1/2011,13371,100224,0,0,9421,6180,4254,2940,1884,1065,315,336,865,1360,1797,2209,2576,2907,3314,3544,3842,4120,4399,4651,4857,5102,5238,5478,5656,5865,6049
ACER,Acer beTouch E140,,2010,Android OS,12/1/2010,12408,291808,0,0,0,0,0,0,0,0,0,0,0,0,43,6046,9552,12064,14030,15581,16967,18094,19122,20046,20897,21625,22309,22992,23605,24155,24680
ACER,Acer Liquid mt,,2010,Android OS,10/1/2010,8037,317005,0,0,0,0,0,0,0,0,0,0,29,5594,8909,11186,12959,14439,15665,16773,17714,18568,19277,20036,20665,21275,21827,22309,22824,23254,23702
ACER,Acer Stream,,2010,Android OS,5/1/2010,12728,78578,0,0,0,0,0,8994,5848,4041,2793,1801,971,259,323,816,1294,1699,2130,2487,2794,3144,3407,3663,3907,4136,4431,4584,4825,4999,5232
ACER,Acer Liquid E,,2010,Android OS,2/1/2010,8229,88166,0,0,8303,5451,3740,2595,1663,889,288,277,740,1208,1614,1919,2310,2568,2885,3165,3367,3618,3870,4048,4268,4441,4666,4830,4994,5165,5284
ACER,Acer neoTouch P400,,2010,Microsoft Windows Mobile 6.5.3 Professional,2/1/2010,8347,89030,0,0,8372,5492,3788,2575,1650,870,257,256,799,1196,1599,1952,2317,2595,2940,3201,3423,3695,3889,4096,4315,4508,4694,4911,5011,5233,5396
ACER,Acer beTouch E400,,2010,Android OS,2/1/2010,8189,87492,0,0,8211,5392,3744,2592,1659,863,276,323,745,1174,1570,1967,2296,2555,2825,3103,3368,3645,3793,4055,4246,4413,4638,4781,4918,5098,5242
ACER,Acer Liquid,,2009,Android OS,10/1/2009,8543,56581,0,0,0,0,0,0,0,0,0,8578,5649,3909,2671,1719,914,288,282,766,1248,1657,2008,2403,2699,3014,3292,3503,3773,3963,4245
AMAZON,Amazon Fire Phone,,2014,Amazon Fire OS v3.5 (Android based OS),6/1/2014,16282,69441,0,0,0,0,0,0,0,0,0,0,11419,7552,5188,3590,2292,1213,383,388,1091,1629,2155,2683,3171,3546,3938,4298,4652,4972,5281
ARCHOS,Archos Diamond 2 Plus,,2016,Android OS,3/1/2016,20569,67821,0,0,0,0,0,0,0,0,0,10304,6809,4654,3208,2018,1078,362,311,913,1542,1975,2414,2898,3273,3546,3933,4265,4487,4782,5049
ASUS,Asus Zenfone 3 Max ZC520TL,,2016,Android OS,7/1/2016,21116,324652,0,0,0,0,0,0,0,0,0,0,0,0,0,3,7347,11654,14698,17072,18933,20631,22043,23268,24343,25345,26294,27091,27942,28657,29331
ASUS,Asus Zenfone Max ZC550KL (2016),,2016,Android OS,5/1/2016,16746,427922,0,0,0,0,0,0,0,0,0,0,0,75,8197,12989,16295,18915,21068,22907,24380,25858,27100,28210,29193,30171,31032,31803,32535,33273,33921
ASUS,Asus Zenfone Go ZC451TG,,2015,Android OS,12/1/2015,9355,32484,0,0,0,0,0,0,0,0,0,0,0,0,0,0,0,0,0,9409,6119,4295,2909,1887,981,294,286,919,1355,1810,2220
ASUS,Asus Zenfone Max ZC550KL,,2015,Android OS,8/1/2015,17462,58425,0,0,0,0,0,0,0,0,0,0,0,0,0,12295,8033,5550,3814,2403,1312,369,430,1123,1803,2371,2859,3409,3806,4236,4612
ASUS,Asus Zenfone 2 ZE500CL,,2015,Android OS,3/1/2015,17133,85625,0,0,0,0,0,0,0,0,12033,7933,5464,3776,2375,1306,332,456,1178,1736,2313,2858,3350,3745,4234,4565,4932,5281,5549,5970,6239
ASUS,Asus Fonepad 7 FE375CL,,2015,Android OS,2/1/2015,20637,501363,0,0,0,0,0,0,0,60,7209,11432,14351,16677,18528,20113,21551,22671,23773,24789,25719,26490,27269,28018,28670,29276,29913,30463,30997,31494,31900
ASUS,Asus Pegasus,,2014,Android OS,12/1/2014,9404,212667,0,0,0,0,0,0,0,0,0,0,0,0,0,0,0,0,86,6554,10371,13100,15204,16856,18371,19584,20666,21742,22577,23372,24184
ASUS,Asus Zenfone 5 Lite A502CG,,2014,Android OS,11/1/2014,9076,36942,0,0,0,0,0,0,0,0,0,0,0,0,0,0,0,9082,5964,4145,2847,1788,1018,292,294,841,1327,1767,2177,2505,2895
ASUS,Asus PadFone X mini,,2014,Android OS,10/1/2014,16531,323503,0,0,0,0,0,0,0,0,0,0,0,0,0,0,1,8065,12824,16067,18634,20758,22571,24175,25438,26668,27765,28788,29762,30552,31435
ASUS,Asus Zenfone 5 A500KL,,2014,Android OS,6/1/2014,20136,61373,0,0,0,0,0,0,0,0,0,0,10112,6603,4608,3128,1978,1066,367,375,910,1469,1934,2350,2766,3172,3481,3808,4158,4420,4668
ASUS,Asus Fonepad 7 FE375CXG,,2014,Android OS,9/1/2014,13193,284041,0,0,0,0,0,0,0,0,0,0,0,0,0,74,6416,10147,12890,14937,16622,18050,19279,20339,21290,22188,23024,23760,24381,25014,25630
ASUS,Asus Fonepad 7 (2014),,2014,Android OS,5/1/2014,8776,58184,0,0,0,0,0,0,0,0,0,8818,5738,4041,2773,1793,986,290,262,848,1306,1701,2053,2421,2764,3103,3388,3594,3889,4100,4316
ASUS,Asus PadFone X,,2014,Android OS,3/1/2014,28687,696458,0,0,0,0,0,0,0,112,10039,15779,19928,23112,25774,28022,29921,31522,33058,34416,35706,36843,37876,38872,39840,40647,41476,42274,43057,43809,44375
ASUS,Asus PadFone S,,2014,Android OS,3/1/2014,20711,503083,0,0,0,0,0,0,0,89,7191,11476,14437,16666,18596,20160,21584,22818,23903,24851,25832,26622,27354,28118,28780,29419,29939,30501,31048,31595,32104
ASUS,Asus PadFone Infinity Lite,,2014,Android OS,2/1/2014,36772,151020,0,0,0,0,0,0,18495,12029,8312,5676,3602,2026,626,636,1655,2650,3574,4317,5194,5850,6382,6934,7622,8094,8621,9035,9428,9918,10344
ASUS,Asus PadFone E,,2014,Android OS,1/1/2014,24267,665907,0,0,0,0,0,57,8433,13400,16831,19574,21816,23655,25295,26721,28007,29107,30184,31196,32064,32910,33669,34388,35070,35840,36372,36949,37598,38149,38622
ASUS,Asus Zenfone 6 A601CG,,2014,Android OS,1/1/2014,16865,648179,0,0,0,0,0,88,8232,13065,16445,19042,21195,23027,24619,25963,27259,28329,29437,30280,31259,32006,32830,33469,34120,34824,35366,36041,36607,37072,37604
ASUS,Asus Zenfone 6 A600CG,,2014,Android OS,1/1/2014,25049,687732,0,0,0,0,0,75,8764,13822,17431,20210,22515,24387,26127,27558,28959,30105,31221,32224,33135,33979,34776,35599,36219,36981,37572,38135,38792,39270,39876
ASUS,Asus Zenfone 5 A501CG,,2015,Android OS,1/1/2015,12948,468871,0,0,0,0,0,0,39,6285,10035,12648,14636,16325,17643,18910,19946,20908,21805,22591,23284,23959,24577,25187,25759,26238,26705,27219,27641,28055,28476
ASUS,Asus Zenfone 5 A500CG,,2014,Android OS,1/1/2014,13223,508300,0,0,0,0,0,73,6505,10243,12905,14958,16660,18027,19304,20338,21326,22238,23083,23765,24464,25131,25691,26240,26805,27325,27793,28250,28678,29036,29462
ASUS,Asus Zenfone 4,,2014,Android OS,1/1/2014,12028,74229,0,0,0,0,0,8490,5527,3851,2660,1649,905,269,321,755,1236,1604,2016,2323,2637,2944,3209,3442,3699,3931,4167,4354,4581,4770,4889
ASUS,Asus PadFone mini 4G (Intel),,2014,Android OS,9/1/2014,24190,371937,0,0,0,0,0,0,0,0,0,0,0,0,0,4,8477,13320,16838,19546,21736,23607,25210,26627,27893,29049,30172,31115,31970,32819,33554
ASUS,Asus PadFone mini,,2013,Android OS,12/1/2013,25102,51254,0,0,0,0,0,0,0,0,0,0,0,0,0,0,0,12663,8201,5767,3872,2536,1368,443,490,1183,1890,2426,2948,3535,3932
ASUS,Asus PadFone Infinity 2,,2013,Android OS,9/1/2013,36119,606780,0,0,0,0,0,0,0,0,0,0,0,0,88,12627,19918,25157,29157,32534,35222,37661,39763,41725,43325,44922,46383,47790,48968,50211,51329
ASUS,Asus Fonepad 7,,2013,Android OS,9/1/2013,20152,52448,0,0,0,0,0,0,0,0,0,0,0,0,10107,6600,4542,3091,1997,1066,339,340,992,1437,2001,2429,2830,3205,3494,3795,4183
ASUS,Asus Fonepad Note FHD6,,2013,Android OS,6/1/2013,28896,95930,0,0,0,0,0,0,0,0,0,14545,9546,6636,4548,2877,1589,466,537,1363,2154,2834,3453,4080,4616,5056,5500,5895,6344,6807,7084
ASUS,Asus PadFone Infinity,,2013,Android OS,2/1/2013,36750,1008184,0,0,0,0,0,55,12811,20274,25538,29592,32946,35813,38300,40506,42390,44112,45706,47155,48511,49863,50985,52231,53123,54272,55096,55981,56832,57691,58401
ASUS,Asus Google Nexus 7 Cellular,,2012,Android OS,10/1/2012,21379,359008,0,0,0,0,0,0,0,0,0,0,0,0,55,7463,11746,14857,17297,19258,20865,22282,23509,24645,25709,26587,27474,28275,28961,29642,30383
ASUS,Asus PadFone 2,,2012,Android OS,10/1/2012,32656,84891,0,0,0,0,0,0,0,0,0,0,0,0,16373,10741,7397,5018,3279,1812,525,523,1541,2351,3165,3864,4541,5218,5625,6234,6684
ASUS,Asus Memo,,2012,Android OS,1/1/2012,16872,118624,0,0,0,11867,7724,5340,3671,2396,1340,399,469,1157,1737,2285,2760,3225,3696,4114,4483,4887,5154,5542,5777,6155,6372,6661,6927,7093,7393
ASUS,Asus Transformer Prime TF201,,2011,Android OS,10/1/2011,28488,519438,0,0,0,0,0,0,0,0,0,0,0,33,9890,15667,19771,23008,25554,27729,29657,31349,32899,34229,35440,36623,37601,38682,39557,40476,41273
ASUS,Asus PadFone,,2012,Android OS,2/1/2012,24901,723702,0,0,0,0,8,8704,13759,17308,20062,22422,24342,25988,27355,28726,29924,31005,31982,32899,33769,34559,35327,36106,36775,37318,37979,38553,39090,39638,40104
CAT,Cat S30,,2015,Android OS,9/1/2015,28821,402952,0,0,0,0,0,0,0,0,0,0,0,0,0,0,39,10073,15832,20008,23304,25949,28108,30051,31664,33199,34595,35859,36990,38167,39114
CAT,Cat S40,,2015,Android OS,7/1/2015,32415,84659,0,0,0,0,0,0,0,0,0,0,0,0,16217,10603,7319,5116,3326,1822,568,623,1575,2330,3070,3913,4564,5105,5709,6198,6601
CAT,Cat B15 Q,,2014,Android OS,2/1/2014,28091,726356,0,0,0,0,0,0,65,9739,15501,19602,22720,25250,27439,29246,30878,32366,33695,35000,36112,37124,38172,38977,39799,40708,41441,42086,42855,43475,44106
CAT,Cat S50,,2014,Android OS,9/1/2014,32293,496568,0,0,0,0,0,0,0,0,0,0,0,0,0,158,11314,17811,22508,26123,29040,31427,33574,35585,37299,38875,40128,41492,42649,43769,44816
CAT,Cat B15,,2013,Android OS,8/1/2013,20372,57511,0,0,0,0,0,0,0,0,0,0,0,10194,6752,4636,3189,2022,1077,371,346,952,1517,1981,2430,2868,3161,3545,3852,4154,4464
CELKON,Celkon A500,,2014,Android OS,8/1/2014,8035,269723,0,0,0,0,0,0,0,0,0,0,0,0,28,5603,8844,11213,12956,14414,15666,16713,17697,18560,19274,19993,20620,21236,21825,22279,22802
CELKON,Celkon A21,,2014,Android OS,9/1/2014,8390,258055,0,0,0,0,0,0,0,0,0,0,0,0,0,31,5871,9223,11665,13513,15043,16396,17500,18482,19396,20174,20913,21558,22220,22730,23340
CELKON,Celkon A119 Signature HD,,2013,Android OS,3/1/2013,17425,100273,0,0,0,0,0,0,12305,8076,5499,3851,2398,1294,333,398,1203,1730,2342,2918,3329,3804,4314,4704,5017,5326,5686,5995,6263,6571,6917
GIGABYTE,Gigabyte GSmart Essence 4,,2015,Android OS,10/1/2015,8065,203717,0,0,0,0,0,0,0,0,0,0,0,0,0,0,0,66,5655,8872,11258,13026,14465,15721,16834,17797,18577,19355,20069,20706,21316
GIGABYTE,Gigabyte GSmart Classic Lite,,2015,Android OS,10/1/2015,8209,207235,0,0,0,0,0,0,0,0,0,0,0,0,0,0,0,66,5690,9041,11400,13281,14718,15974,17137,18069,18963,19698,20442,21071,21685
GIGABYTE,Gigabyte GSmart Essence,,2015,Android OS,10/1/2015,8506,34666,0,0,0,0,0,0,0,0,0,0,0,0,0,0,0,8545,5561,3873,2672,1736,894,303,282,824,1266,1672,2039,2351,2648
GIGABYTE,Gigabyte GSmart Classic,,2015,Android OS,10/1/2015,9118,230275,0,0,0,0,0,0,0,0,0,0,0,0,0,0,0,60,6392,10024,12696,14690,16425,17760,18998,20037,21007,21882,22720,23437,24147
GIGABYTE,Gigabyte GSmart Mika M2,,2014,Android OS,6/1/2014,16808,72100,0,0,0,0,0,0,0,0,0,0,11866,7765,5383,3688,2347,1280,358,407,1155,1761,2262,2777,3294,3755,4081,4467,4865,5126,5463
GIGABYTE,Gigabyte GSmart T4,,2014,Android OS,4/1/2014,8547,388633,0,0,0,0,0,0,0,0,9,5942,9425,11855,13771,15384,16663,17806,18843,19764,20517,21295,21989,22587,23161,23742,24233,24717,25175,25661,26094
GIGABYTE,Gigabyte GSmart Guru,,2013,Android OS,10/1/2013,33277,79943,0,0,0,0,0,0,0,0,0,0,0,0,0,16786,10991,7617,5154,3268,1756,608,635,1562,2393,3273,3952,4541,5223,5843,6341
GIGABYTE,Gigabyte GSmart Roma R2,,2013,Android OS,10/1/2013,12912,43289,0,0,0,0,0,0,0,0,0,0,0,0,0,9099,5993,4113,2797,1823,1000,315,295,856,1280,1733,2104,2483,2800,3150,3448
GIGABYTE,Gigabyte GSmart Aku A1,,2013,Android OS,7/1/2013,13058,360363,0,0,0,0,0,0,0,0,0,0,2,6401,10100,12747,14769,16430,17818,19042,20082,21066,21950,22712,23505,24169,24780,25398,25917,26489,26986
GIGABYTE,Gigabyte GSmart Maya M1 v2,,2013,Android OS,6/1/2013,16102,74708,0,0,0,0,0,0,0,0,0,11381,7419,5170,3523,2265,1262,332,440,1037,1608,2225,2718,3092,3524,3954,4298,4590,5012,5257,5601
GIGABYTE,Gigabyte GSmart Sierra S1,,2013,Android OS,6/1/2013,20115,66430,0,0,0,0,0,0,0,0,0,10077,6594,4577,3139,2002,1051,290,349,961,1519,1926,2362,2774,3165,3513,3804,4185,4435,4702,5005
GIGABYTE,Gigabyte GSmart Maya M1,,2013,Android OS,4/1/2013,20174,77498,0,0,0,0,0,0,0,10099,6665,4605,3173,2068,1149,278,376,927,1518,1973,2392,2765,3155,3561,3886,4141,4438,4713,5006,5169,5441
GIGABYTE,Gigabyte GSmart Rio R1,,2013,Android OS,4/1/2013,12715,432358,0,0,0,0,0,0,0,20,6226,9814,12418,14335,15979,17393,18520,19633,20513,21430,22127,22830,23502,24136,24727,25240,25805,26255,26715,27160,27580
GIGABYTE,Gigabyte GSmart GS202,,2012,Android OS,12/1/2012,12227,37759,0,0,0,0,0,0,0,0,0,0,0,0,0,0,8582,5607,3883,2649,1738,934,248,273,802,1274,1636,2069,2409,2668,2987
GIGABYTE,Gigabyte GSmart G1362,,2012,Android OS,8/1/2012,21030,414950,0,0,0,0,0,0,0,0,0,0,94,7385,11656,14638,16929,18905,20510,21931,23180,24225,25296,26191,27025,27785,28580,29185,29880,30491,31064
GIGABYTE,Gigabyte GSmart G1355,,2012,Android OS,2/1/2012,16117,655854,0,0,0,0,34,7825,12402,15745,18214,20291,22051,23565,24891,26082,27059,28070,29041,29802,30572,31352,32012,32649,33314,33857,34407,34870,35464,35958,36327
HTC,HTC Desire 728 dual sim,,2015,Android OS,9/1/2015,21278,47273,0,0,0,0,0,0,0,0,0,0,0,0,0,0,10731,7055,4894,3351,2121,1195,392,406,972,1544,2075,2570,2902,3346,3719
HTC,HTC Butterfly 3,,2015,Android OS,9/1/2015,36367,80582,0,0,0,0,0,0,0,0,0,0,0,0,0,0,18297,11976,8239,5649,3635,2065,533,641,1721,2719,3589,4274,5136,5714,6394
HTC,HTC Desire 626s,,2015,Android OS,7/1/2015,17457,410485,0,0,0,0,0,0,0,0,0,0,0,0,45,8551,13483,16961,19760,21929,23797,25422,26968,28202,29330,30479,31443,32322,33118,33934,34741
HTC,HTC Desire 820G+ dual sim,,2015,Android OS,5/1/2015,17049,73024,0,0,0,0,0,0,0,0,0,0,12036,7864,5445,3745,2373,1302,404,475,1080,1748,2301,2836,3266,3803,4121,4528,4893,5209,5595
HTC,HTC One M8s,,2015,Android OS,4/1/2015,29310,96901,0,0,0,0,0,0,0,0,0,14697,9612,6676,4522,2918,1661,485,492,1326,2198,2900,3474,4046,4659,5160,5636,6033,6390,6800,7216
HTC,HTC Desire 820s dual sim,,2015,Android OS,3/1/2015,28530,648741,0,0,0,0,0,0,0,0,107,10009,15727,19887,22971,25576,27805,29695,31397,32947,34289,35586,36676,37683,38714,39593,40449,41332,42018,42777,43503
HTC,HTC Desire 626G+,,2015,Android OS,4/1/2015,21144,70070,0,0,0,0,0,0,0,0,0,10623,6972,4811,3314,2161,1194,341,360,968,1563,2057,2508,2927,3342,3726,4024,4310,4661,4980,5228
HTC,HTC Desire 626,,2014,Android OS,2/1/2014,17176,98984,0,0,0,0,0,0,12037,7915,5476,3757,2355,1329,330,386,1171,1722,2359,2877,3371,3783,4191,4645,4962,5280,5628,5942,6225,6500,6743
HTC,HTC Desire 620G dual sim,,2014,Android OS,12/1/2014,16015,253354,0,0,0,0,0,0,0,0,0,0,0,0,0,0,0,0,60,7779,12373,15603,18081,20162,21823,23326,24679,25833,26970,27904,28761
HTC,HTC Desire 620,,2014,Android OS,12/1/2014,16163,42466,0,0,0,0,0,0,0,0,0,0,0,0,0,0,0,0,11352,7490,5207,3538,2224,1213,313,355,1081,1683,2146,2732,3132
HTC,HTC Nexus 9,,2014,Android OS,10/1/2014,25142,55399,0,0,0,0,0,0,0,0,0,0,0,0,0,0,12590,8218,5744,3933,2494,1424,356,452,1215,1778,2428,3047,3500,3893,4327
HTC,HTC One (M8 Eye),,2014,Android OS,10/1/2014,24617,54218,0,0,0,0,0,0,0,0,0,0,0,0,0,0,12331,8052,5552,3831,2427,1309,368,434,1202,1861,2330,2972,3356,3870,4323
HTC,HTC Desire Eye,,2014,Android OS,10/1/2014,28457,62633,0,0,0,0,0,0,0,0,0,0,0,0,0,0,14256,9430,6452,4433,2782,1533,470,443,1322,2061,2722,3342,3911,4448,5028
HTC,HTC Desire 612,,2014,Android OS,10/1/2014,20635,288437,0,0,0,0,0,0,0,0,0,0,0,0,0,0,40,7170,11345,14346,16650,18582,20115,21461,22715,23828,24739,25682,26463,27279,28022
HTC,HTC Desire 820 dual sim,,2014,Android OS,9/1/2014,28853,443428,0,0,0,0,0,0,0,0,0,0,0,0,0,13,10024,15901,20112,23293,25907,28131,30002,31721,33243,34722,35917,37055,38140,39107,40140
HTC,HTC Desire 820,,2014,Android OS,9/1/2014,28508,438526,0,0,0,0,0,0,0,0,0,0,0,0,0,29,10013,15767,19786,23022,25628,27761,29770,31368,32958,34320,35549,36627,37624,38740,39564
HTC,HTC Desire 510,,2014,Android OS,8/1/2014,16447,60053,0,0,0,0,0,0,0,0,0,0,0,0,11625,7606,5250,3622,2250,1279,383,380,1122,1659,2185,2710,3170,3625,4076,4375,4736
HTC,HTC Butterfly 2,,2014,Android OS,8/1/2014,25417,427011,0,0,0,0,0,0,0,0,0,0,0,0,88,8832,14023,17735,20467,22844,24809,26498,27994,29368,30576,31631,32669,33583,34496,35311,36087
HTC,HTC Desire 516 dual sim,,2014,Android OS,6/1/2014,16589,457783,0,0,0,0,0,0,0,0,0,0,89,8093,12767,16187,18744,20882,22619,24173,25576,26822,27934,28894,29883,30657,31468,32196,32928,33652,34219
HTC,HTC One (E8),,2014,Android OS,6/1/2014,32492,99828,0,0,0,0,0,0,0,0,0,0,16387,10748,7461,5104,3285,1816,494,496,1463,2426,3212,3900,4501,5114,5685,6231,6766,7126,7613
HTC,HTC Desire 616 dual sim,,2014,Android OS,5/1/2014,16023,74167,0,0,0,0,0,0,0,0,0,11239,7390,5091,3488,2224,1201,378,371,1062,1647,2225,2651,3058,3535,3949,4247,4618,4973,5240,5580
HTC,HTC Desire 210 dual sim,,2014,Android OS,4/1/2014,8210,58519,0,0,0,0,0,0,0,0,8278,5410,3710,2567,1652,880,226,288,730,1236,1631,1962,2254,2590,2899,3163,3343,3585,3864,4035,4216
HTC,HTC Desire 310 dual sim,,2014,Android OS,4/1/2014,12920,64616,0,0,0,0,0,0,0,0,9131,5916,4131,2846,1818,1023,294,294,879,1318,1735,2177,2468,2852,3176,3475,3706,3985,4256,4479,4657
HTC,HTC Desire 310,,2014,Android OS,1/1/2014,12943,497514,0,0,0,0,0,48,6351,10005,12601,14637,16270,17697,18897,19910,20893,21803,22588,23305,23996,24557,25144,25686,26234,26733,27197,27665,28032,28428,28837
HTC,HTC Desire 816 dual sim,,2014,Android OS,5/1/2014,21222,450247,0,0,0,0,0,0,0,0,0,67,7424,11710,14797,17127,19057,20693,22087,23349,24468,25473,26435,27307,28007,28773,29474,30102,30771,31269,31857
HTC,HTC Desire 816,,2014,Android OS,2/1/2014,20741,536168,0,0,0,0,0,0,88,7213,11398,14414,16746,18607,20218,21571,22886,23971,24919,25772,26605,27398,28120,28799,29399,30044,30597,31100,31619,32124,32560
HTC,HTC Desire 610,,2014,Android OS,2/1/2014,24450,632306,0,0,0,0,0,0,62,8491,13545,17064,19731,22012,23828,25424,26894,28198,29435,30488,31373,32279,33144,34004,34662,35412,36005,36740,37241,37870,38404
HTC,HTC Desire 300,,2013,Android OS,9/1/2013,16865,61688,0,0,0,0,0,0,0,0,0,0,0,0,11895,7789,5322,3660,2390,1343,352,366,1163,1711,2297,2761,3302,3763,4156,4516,4902
HTC,HTC First,,2013,Android OS,4/1/2013,20762,79468,0,0,0,0,0,0,0,10426,6790,4770,3271,2063,1092,351,365,939,1566,2000,2454,2891,3285,3608,3908,4321,4539,4806,5082,5319,5622
HTC,HTC DROID DNA,,2012,Android OS,11/1/2012,24526,58775,0,0,0,0,0,0,0,0,0,0,0,0,0,12379,8019,5621,3786,2487,1295,381,438,1147,1746,2397,2901,3365,3850,4226,4737
HTC,HTC One X+,,2012,Android OS,10/1/2012,20483,343975,0,0,0,0,0,0,0,0,0,0,0,0,74,7181,11290,14278,16552,18372,19967,21361,22576,23595,24563,25532,26290,27070,27759,28402,29113
HTC,HTC Desire X,,2012,Android OS,8/1/2012,17103,472107,0,0,0,0,0,0,0,0,0,0,16,8332,13186,16617,19359,21525,23326,25006,26359,27599,28715,29815,30813,31624,32513,33282,34005,34711,35304
HTC,HTC One X AT&T,,2012,Android OS,2/1/2012,17419,114965,0,0,0,0,12243,8046,5529,3755,2477,1312,417,412,1154,1824,2399,2879,3377,3796,4269,4665,5019,5364,5706,6058,6264,6613,6890,7112,7385
HTC,HTC One S,,2012,Android OS,2/1/2012,21239,100056,0,0,0,0,10647,7014,4794,3294,2142,1146,359,347,1005,1605,2038,2548,2970,3371,3699,4001,4414,4639,4933,5212,5527,5789,5971,6199,6392
HTC,HTC Velocity 4G Vodafone,,2012,Android OS,2/1/2012,16019,651791,0,0,0,0,98,7849,12356,15558,18147,20108,21838,23320,24683,25821,26938,27909,28822,29649,30456,31174,31841,32517,33045,33649,34202,34753,35215,35682,36161
HTC,HTC Velocity 4G,,2012,Android OS,1/1/2012,20942,105414,0,0,0,10570,6872,4807,3306,2075,1159,346,382,995,1564,2061,2471,2878,3267,3699,4019,4312,4628,4912,5111,5421,5616,5945,6099,6368,6531
HTC,HTC Vivid,,2011,Android OS,10/1/2011,16494,421223,0,0,0,0,0,0,0,0,0,0,0,9,8053,12691,16037,18664,20737,22498,24088,25408,26642,27729,28750,29713,30551,31327,32089,32819,33418
HTC,HTC Rezound,,2011,Android OS,11/1/2011,16419,59932,0,0,0,0,0,0,0,0,0,0,0,0,11597,7590,5199,3579,2309,1219,377,380,1089,1688,2222,2729,3143,3633,4034,4392,4752
HTC,HTC Sensation XL,,2011,Android OS,10/1/2011,16152,63871,0,0,0,0,0,0,0,0,0,0,0,11393,7394,5178,3478,2296,1199,343,445,1013,1644,2222,2673,3133,3610,3922,4323,4624,4981
HTC,HTC Explorer,,2011,Android OS,9/1/2011,8215,50208,0,0,0,0,0,0,0,0,0,0,8240,5447,3704,2579,1674,864,276,282,776,1203,1571,1971,2292,2558,2836,3095,3398,3614,3828
HTC,HTC Rhyme,,2011,Android OS,9/1/2011,12991,55599,0,0,0,0,0,0,0,0,0,0,9155,5949,4131,2875,1833,964,304,288,855,1363,1739,2144,2516,2825,3173,3478,3785,4010,4212
HTC,HTC Rhyme HSPA  ,,2011,Android OS,9/1/2011,12263,52389,0,0,0,0,0,0,0,0,0,0,8609,5683,3871,2687,1679,913,236,263,806,1283,1646,2050,2420,2698,2956,3263,3531,3746,4049
HTC,HTC Sensation XE,,2011,Android OS,9/1/2011,12744,54510,0,0,0,0,0,0,0,0,0,0,8974,5889,4021,2766,1811,1010,245,275,823,1299,1707,2086,2473,2772,3131,3444,3686,3928,4170
HTC,HTC Jetstream,,2011,Android OS,9/1/2011,24314,479362,0,0,0,0,0,0,0,0,0,0,106,8450,13386,16855,19618,21873,23731,25396,26802,28006,29267,30231,31269,32125,32978,33789,34444,35215,35821
HTC,HTC Titan,,2011,Microsoft Windows Phone 7.5 Mango,8/1/2011,12729,58967,0,0,0,0,0,0,0,0,0,8951,5909,4028,2795,1827,995,248,283,853,1295,1739,2159,2505,2798,3072,3398,3631,3890,4205,4386
HTC,HTC Radar,,2011,Microsoft Windows Phone 7.5 Mango,9/1/2011,13052,55920,0,0,0,0,0,0,0,0,0,0,9183,6010,4161,2822,1799,1015,279,294,883,1295,1766,2210,2552,2875,3231,3455,3776,4001,4313
HTC,HTC Panache,,2011,Android OS,6/1/2011,20720,79436,0,0,0,0,0,0,0,10426,6850,4723,3187,2054,1088,282,409,1005,1514,2027,2506,2830,3208,3633,3955,4294,4570,4810,5147,5352,5566
HTC,HTC Status,,2011,Android OS,6/1/2011,8659,66438,0,0,0,0,0,0,0,8717,5710,3905,2695,1719,969,253,261,788,1235,1641,2100,2445,2762,3032,3344,3584,3844,4019,4245,4489,4681
HTC,HTC Trophy,,2011,Microsoft Windows Phone 7,5/1/2011,8452,69352,0,0,0,0,0,0,8497,5580,3834,2627,1650,883,305,260,752,1273,1665,1986,2366,2627,2938,3187,3491,3693,3929,4151,4365,4562,4731
HTC,HTC DROID Incredible 2,,2011,Android OS,4/1/2011,13351,82198,0,0,0,0,0,9372,6113,4267,2929,1860,991,252,305,890,1326,1857,2224,2603,2967,3279,3546,3803,4068,4322,4634,4796,5043,5287,5464
HTC,HTC Sensation 4G,,2011,Android OS,4/1/2011,21042,577725,0,0,0,0,0,63,7320,11639,14622,17033,18889,20506,21913,23188,24231,25238,26163,27082,27858,28584,29185,29853,30496,31007,31578,32126,32598,33030,33523
HTC,HTC EVO 3D,,2011,Android OS,2/1/2011,17204,739081,0,0,0,108,8432,13236,16726,19414,21599,23524,25087,26503,27784,28898,30037,30977,31779,32726,33470,34120,34823,35463,36076,36732,37312,37816,38310,38783,39346
HTC,HTC Sensation,,2011,Android OS,4/1/2011,12885,494983,0,0,0,0,0,12,6321,9920,12509,14524,16202,17585,18793,19902,20822,21630,22446,23206,23869,24435,25016,25620,26101,26623,27044,27543,27889,28286,28685
HTC,HTC EVO 3D HSPA  ,,2011,Android OS,3/1/2011,20526,96431,0,0,0,0,10263,6721,4672,3179,2032,1134,317,335,980,1498,1943,2479,2849,3237,3589,3868,4197,4494,4821,5014,5266,5593,5810,5955,6185
HTC,HTC HD7S,,2011,Microsoft Windows Phone 7,3/1/2011,12163,494689,0,0,0,0,31,5978,9390,11811,13706,15262,16572,17705,18766,19635,20420,21205,21892,22502,23112,23606,24135,24622,25125,25589,25972,26380,26718,27115,27440
HTC,HTC Incredible S,,2011,Android OS,2/1/2011,16395,115450,0,0,0,11559,7553,5275,3570,2354,1278,318,451,1090,1628,2276,2741,3206,3622,4033,4349,4758,5008,5369,5663,5895,6240,6481,6661,6902,7170
HTC,HTC Desire S,,2011,Android OS,2/1/2011,9400,577115,0,0,0,4,6574,10366,13073,15188,16890,18299,19640,20730,21721,22559,23365,24190,24875,25530,26115,26722,27252,27703,28177,28699,29111,29484,29873,30318,30657
HTC,HTC Wildfire S,,2011,Android OS,2/1/2011,8740,536882,0,0,0,64,6130,9659,12124,14090,15744,17019,18222,19266,20171,21038,21792,22501,23084,23704,24273,24787,25325,25817,26264,26677,27082,27483,27857,28214,28495
HTC,HTC Salsa,,2011,Android OS,2/1/2011,12254,526756,0,0,0,68,6010,9502,11919,13871,15446,16699,17849,18919,19805,20594,21383,22063,22713,23239,23819,24310,24819,25291,25754,26126,26562,26978,27304,27687,28026
HTC,HTC Inspire 4G,,2011,Android OS,1/1/2011,13053,591203,0,0,51,6409,10072,12721,14738,16452,17822,19084,20117,21073,21999,22720,23525,24154,24806,25372,25943,26468,26930,27420,27868,28290,28664,29050,29470,29842,30143
HTC,HTC ThunderBolt 4G,,2011,Android OS,1/1/2011,20211,107995,0,0,10202,6611,4636,3189,1998,1132,288,369,945,1438,2001,2426,2770,3204,3498,3890,4163,4408,4681,4937,5218,5512,5723,5873,6149,6282,6452
HTC,HTC Gratia,,2010,Android OS,10/1/2010,12240,52384,0,0,0,0,0,0,0,0,0,0,8605,5648,3928,2660,1726,960,289,293,798,1270,1635,2016,2382,2680,2973,3241,3513,3740,4027
HTC,HTC EVO Shift 4G,,2011,Android OS,1/1/2011,12887,96404,0,0,9083,5906,4145,2793,1765,1001,311,302,839,1356,1777,2141,2481,2860,3156,3439,3675,3949,4245,4461,4683,4838,5069,5230,5450,5640,5809
HTC,HTC HD7,,2010,Microsoft Windows Phone 7,10/1/2010,12826,54693,0,0,0,0,0,0,0,0,0,0,9006,5881,4091,2791,1818,961,250,279,828,1281,1757,2116,2477,2809,3095,3435,3689,3954,4175
HTC,HTC 7 Pro,,2010,Microsoft Windows Phone 7,10/1/2010,17364,479416,0,0,0,0,0,0,0,0,0,0,95,8534,13435,16858,19600,21860,23753,25357,26740,28025,29223,30215,31219,32080,33023,33813,34518,35239,35829
HTC,HTC 7 Mozart,,2010,Microsoft Windows Phone 7,10/1/2010,12103,334176,0,0,0,0,0,0,0,0,0,0,53,5929,9382,11799,13653,15224,16545,17684,18661,19516,20364,21085,21801,22365,22955,23540,24073,24532,25015
HTC,HTC 7 Surround,,2010,Microsoft Windows Phone 7,10/1/2010,8459,333421,0,0,0,0,0,0,0,0,0,0,26,5884,9336,11774,13641,15168,16525,17612,18639,19553,20289,21061,21701,22323,22952,23503,23992,24492,24950
HTC,HTC 7 Trophy,,2010,Microsoft Windows Phone 7,10/1/2010,8139,320802,0,0,0,0,0,0,0,0,0,0,78,5650,8946,11318,13105,14616,15839,16969,17886,18769,19527,20239,20945,21508,22084,22631,23085,23597,24010
HTC,HTC Desire Z,,2010,Android OS,9/1/2010,13303,61972,0,0,0,0,0,0,0,0,0,9365,6111,4277,2929,1910,1041,329,365,880,1375,1827,2209,2622,2957,3268,3569,3817,4130,4369,4622
HTC,HTC Desire HD,,2010,Android OS,9/1/2010,12964,59929,0,0,0,0,0,0,0,0,0,9138,5940,4155,2849,1820,956,261,320,884,1317,1785,2135,2492,2824,3184,3427,3716,4014,4229,4483
HTC,HTC Evo 4G+,,1905,Android OS,12/1/1904,13132,369970,12218,12194,12249,12349,12365,12426,12471,12511,12575,12562,12643,12656,12716,12739,12743,12844,12861,12865,12921,12937,12955,13001,13105,13093,13099,13148,13204,13280,13240
HTC,HTC Aria,,2010,Android OS,6/1/2010,12347,447048,0,0,0,0,0,0,57,6041,9579,12048,13949,15525,16850,17973,19026,19911,20728,21559,22199,22809,23486,24004,24547,24998,25518,25918,26358,26791,27174
HTC,HTC Desire,,2010,Android OS,2/1/2010,12385,92911,0,0,8695,5722,3939,2690,1762,983,281,329,792,1305,1641,2098,2420,2734,3056,3316,3582,3824,4091,4280,4518,4676,4874,5087,5213,5451,5552
HTC,HTC HD mini,,2010,Microsoft Windows Mobile 6.5.3 Professional,2/1/2010,12483,565132,0,0,22,6065,9681,12123,14088,15713,17048,18228,19236,20133,20997,21768,22493,23062,23748,24262,24812,25259,25748,26225,26683,27028,27417,27838,28154,28482,28819
HTC,HTC Legend,,2010,Android OS,2/1/2010,12102,548095,0,0,63,5890,9368,11774,13657,15209,16566,17682,18660,19547,20324,21049,21744,22417,22997,23539,24034,24529,25021,25446,25826,26217,26614,26978,27332,27673,27939
HTC,HTC Google Nexus One,,2010,Android OS,1/1/2010,12491,99337,0,8785,5724,4010,2745,1787,972,285,265,857,1286,1675,2105,2403,2787,3061,3347,3608,3827,4047,4323,4518,4758,4929,5086,5299,5456,5608,5784
HTC,HTC HD2,,2009,Microsoft Windows Mobile 6.5 Professional,10/1/2009,12847,381375,0,0,0,0,0,0,0,0,0,42,6270,9945,12509,14484,16135,17530,18702,19806,20736,21632,22374,23091,23731,24385,24970,25490,26017,26532,26994
HTC,HTC Droid Incredible,,2010,Android OS,4/1/2010,9034,85105,0,0,0,0,9071,5990,4088,2790,1777,997,273,309,835,1336,1758,2190,2498,2876,3183,3422,3679,3932,4197,4469,4719,4868,5101,5310,5437
HTC,HTC Evo 4G,,2010,Android OS,3/1/2010,8740,536614,0,0,0,43,6080,9675,12190,14086,15674,17023,18209,19205,20191,21024,21791,22479,23118,23671,24282,24847,25267,25777,26264,26642,27052,27432,27857,28203,28532
HTC,HTC Pure,,2009,Microsoft Windows Mobile 6.5 Professional,10/1/2009,8159,54226,0,0,0,0,0,0,0,0,0,8231,5397,3716,2562,1655,916,269,296,763,1228,1612,1901,2277,2594,2887,3135,3370,3601,3821,3995
HTC,HTC Hero,,2009,Android OS,6/1/2009,8238,452248,0,0,0,0,0,9,5714,9124,11443,13265,14827,16096,17153,18126,19033,19765,20474,21148,21804,22384,22883,23393,23878,24260,24743,25155,25482,25844,26245
HTC,HTC Hero HSPA  ,,2009,Android OS,8/1/2009,8741,66980,0,0,0,0,0,0,0,8776,5733,3957,2696,1722,986,271,347,810,1255,1674,2085,2450,2765,3041,3316,3625,3885,4074,4290,4484,4738
HTC,HTC Magic,,2009,Android OS,2/1/2009,8485,577231,0,75,5925,9331,11822,13707,15266,16573,17646,18713,19552,20355,21086,21801,22429,23057,23604,24079,24607,25027,25432,25846,26300,26613,26985,27356,27728,28022,28294
HTC,HTC Tilt2,,2009,Microsoft Windows Mobile 6.1 Professional,2/1/2009,8323,565960,0,23,5829,9146,11542,13436,14945,16198,17359,18315,19177,19985,20746,21354,21991,22548,23137,23616,24101,24528,25013,25422,25752,26104,26475,26812,27153,27485,27768
HTC,HTC Touch Pro2 HSPA  ,,2009,Microsoft Windows Mobile 6.1 Professional,5/1/2009,13247,87532,0,0,0,0,9273,6111,4264,2851,1844,978,271,361,915,1361,1773,2239,2581,2902,3267,3543,3831,4094,4366,4613,4775,4993,5254,5451,5621
HTC,HTC Touch Pro2,,2009,Microsoft Windows Mobile 6.1 Professional,2/1/2009,12178,579722,0,3,5941,9378,11834,13730,15338,16622,17749,18775,19654,20467,21244,21891,22538,23147,23664,24221,24639,25137,25557,26020,26398,26744,27169,27492,27802,28110,28458
HTC,HTC Touch Diamond2 HSPA  ,,2009,Microsoft Windows Mobile 6.5 Professional,12/1/2009,17093,436686,0,0,0,0,0,0,0,0,0,0,0,119,8368,13212,16590,19358,21556,23325,24963,26403,27593,28784,29744,30794,31591,32487,33177,33931,34691
HTC,HTC Touch Diamond2,,2009,Microsoft Windows Mobile 6.1 Professional,2/1/2009,12019,572272,0,14,5892,9323,11697,13563,15091,16406,17560,18492,19425,20228,20937,21620,22256,22799,23325,23895,24368,24830,25261,25670,26054,26379,26777,27148,27462,27733,28067
HTC,HTC Dream,,2009,Android OS,2/1/2009,12690,100966,0,8966,5808,4078,2788,1821,961,276,278,806,1287,1723,2079,2499,2824,3135,3379,3694,3869,4158,4397,4559,4846,4996,5202,5367,5529,5755,5886
HTC,HTC MAX 4G,,2008,Microsoft Windows Mobile 6.1 Professional,11/1/2008,28701,608795,0,0,0,0,0,0,0,0,0,51,9952,15826,20003,23135,25780,28066,29896,31536,33087,34501,35727,36843,37926,38970,39892,40736,41496,42344,43028
HTC,HTC Touch HD,,2008,Microsoft Windows Mobile 6.1 Professional,9/1/2008,25012,607460,0,0,0,0,0,0,0,119,8676,13800,17418,20140,22503,24396,26069,27490,28919,30033,31094,32181,33074,33885,34703,35448,36168,36920,37557,38089,38778
HTC,HTC Touch Pro,,2008,Microsoft Windows Mobile 6.1 Professional,6/1/2008,16445,108655,0,0,0,0,11571,7614,5236,3643,2330,1235,346,450,1032,1697,2249,2770,3195,3623,4011,4389,4701,5045,5406,5706,5939,6229,6527,6708,7003
HTC,HTC Touch Diamond,,2008,Microsoft Windows Mobile 6.1 Professional,5/1/2008,13207,92683,0,0,0,9251,6109,4258,2856,1848,1021,255,327,882,1348,1783,2155,2571,2923,3202,3549,3789,4026,4291,4525,4787,4962,5234,5363,5554,5814
HTC,HTC Touch Cruise,,2007,Microsoft Windows Mobile 6.0 Professional,11/1/2007,21275,483782,0,0,0,0,0,0,0,0,22,7394,11729,14819,17130,19084,20796,22211,23401,24571,25581,26468,27344,28104,28897,29495,30196,30806,31346,31930,32458
HTC,HTC Touch Dual,,2007,Microsoft Windows Mobile 6.0 Professional,10/1/2007,12520,425633,0,0,0,0,0,0,0,72,6107,9696,12182,14133,15756,17100,18270,19294,20199,21061,21804,22481,23151,23780,24330,24880,25395,25863,26288,26685,27106
HTC,HTC P6500,,2007,Microsoft Windows Mobile 6.0 Professional,10/1/2007,25230,96469,0,0,0,0,0,0,0,12618,8328,5739,3907,2497,1352,424,445,1202,1857,2420,2933,3462,4013,4348,4769,5234,5508,5846,6273,6509,6785
HTC,HTC TyTN II,,2007,Microsoft Windows Mobile 6.0 Professional,7/1/2007,12011,488546,0,0,0,0,33,5867,9292,11711,13550,15091,16376,17552,18498,19406,20206,20900,21587,22214,22845,23314,23831,24367,24759,25264,25629,26060,26381,26745,27068
HTC,HTC S730,,2007,Microsoft Windows Mobile 6.0 Standard,10/1/2007,21108,512573,0,0,0,0,0,0,0,34,7342,11642,14733,17058,18985,20614,21998,23226,24308,25338,26270,27076,27855,28591,29351,29975,30514,31150,31646,32206,32661
INQ,iNQ Cloud Touch,,2011,Android OS,2/1/2011,28902,887181,0,0,0,25,10156,16013,20077,23348,26021,28129,30134,31803,33409,34717,35981,37166,38208,39236,40107,41028,41784,42650,43370,44046,44742,45327,45988,46525,47191
INTEX,Intex IRist Smartwatch,,2015,Android OS,7/1/2015,17468,410705,0,0,0,0,0,0,0,0,0,0,0,0,32,8526,13512,17032,19742,21960,23814,25521,26877,28266,29433,30434,31431,32282,33201,33933,34709
JOLLA,Jolla Jolla,,2013,Sailfish OS,5/1/2013,16062,79955,0,0,0,0,0,0,0,0,11244,7408,5072,3549,2282,1240,305,338,1089,1643,2136,2718,3064,3552,3942,4253,4637,4910,5208,5546,5819
KARBONN,Karbonn Sparkle V,,2014,Android OS,9/1/2014,8616,41191,0,0,0,0,0,0,0,0,0,0,0,0,0,8641,5647,3895,2727,1705,983,268,272,785,1248,1672,2005,2374,2745,2976,3248
KARBONN,Karbonn Titanium X,,2014,Android OS,1/1/2014,16130,99686,0,0,0,0,0,11392,7480,5133,3544,2273,1202,310,424,1084,1621,2236,2702,3190,3507,3894,4319,4625,4995,5251,5533,5885,6123,6410,6553
KARBONN,Karbonn A34,,2014,Android OS,9/1/2014,8252,39710,0,0,0,0,0,0,0,0,0,0,0,0,0,8276,5472,3749,2577,1651,875,258,315,767,1247,1572,1965,2306,2636,2873,3171
KARBONN,Karbonn A7 Star,,2014,Android OS,1/1/2014,8031,70602,0,0,0,0,0,8084,5250,3640,2494,1598,863,235,300,722,1148,1540,1938,2215,2517,2781,3072,3330,3565,3748,3930,4130,4315,4494,4693
KARBONN,Karbonn S5 Titanium,,2013,Android OS,3/1/2013,17303,626386,0,0,0,0,0,0,66,8421,13407,16816,19545,21703,23577,25301,26667,28000,29136,30167,31070,32009,32847,33591,34428,35107,35715,36313,36946,37487,38067
LAVA,Lava V5,,2016,Android OS,1/1/2016,17275,587135,0,0,0,0,0,0,0,19,8423,13297,16792,19467,21683,23592,25240,26652,27936,29003,30098,31045,31940,32781,33531,34355,34992,35714,36325,36831,37419
LAVA,Lava X10,,2015,Android OS,11/1/2015,12636,33159,0,0,0,0,0,0,0,0,0,0,0,0,0,0,0,0,8918,5780,3987,2788,1801,978,253,279,788,1268,1724,2137,2458
LAVA,Lava Iris X1 Grand,,2015,Android OS,1/1/2015,12417,71572,0,0,0,0,0,0,8697,5728,3936,2676,1728,936,320,306,833,1255,1698,2056,2434,2764,3065,3299,3574,3834,4079,4280,4460,4703,4911
LG,LG Stylus 2 Plus,,2016,Android OS,5/1/2016,28601,80620,0,0,0,0,0,0,0,0,0,0,0,14353,9442,6453,4437,2807,1580,484,551,1282,2129,2751,3388,3958,4521,4959,5427,5823,6275
LG,LG G5 SE,,2016,Android OS,4/1/2016,37393,114996,0,0,0,0,0,0,0,0,0,0,18737,12305,8508,5890,3800,1981,653,694,1736,2758,3704,4494,5282,5928,6532,7203,7731,8317,8743
LG,LG G5,,2016,Android OS,2/1/2016,32653,742707,0,0,0,0,0,0,0,0,53,11402,18096,22641,26282,29330,31918,33949,35940,37723,39219,40717,41995,43148,44308,45312,46315,47351,48179,49065,49764
LG,LG X cam,,2016,Android OS,2/1/2016,28846,102588,0,0,0,0,0,0,0,0,14488,9516,6519,4478,2823,1612,492,437,1317,2181,2787,3453,3965,4479,5088,5448,5935,6330,6683,7044,7513
LG,LG X screen,,2016,Android OS,2/1/2016,16532,82448,0,0,0,0,0,0,0,0,11581,7613,5294,3604,2321,1238,345,448,1027,1715,2216,2732,3219,3583,4026,4462,4811,5130,5398,5732,5953
LG,LG Stylus 2,,2016,Android OS,2/1/2016,17318,86764,0,0,0,0,0,0,0,0,12211,8029,5564,3819,2474,1367,371,426,1120,1756,2384,2825,3406,3873,4258,4637,4952,5332,5615,6023,6322
LG,LG K4,,2016,Android OS,1/1/2016,9454,72547,0,0,0,0,0,0,0,9466,6217,4262,2958,1918,1061,342,373,853,1340,1789,2276,2630,3005,3313,3585,3850,4207,4446,4618,4925,5113
LG,LG G Vista 2,,2015,Android OS,10/1/2015,24421,49706,0,0,0,0,0,0,0,0,0,0,0,0,0,0,0,12273,8079,5575,3770,2432,1328,429,394,1176,1753,2373,2839,3415,3870
LG,LG G4 Beat,,2015,Android OS,7/1/2015,17222,405037,0,0,0,0,0,0,0,0,0,0,0,0,51,8448,13323,16762,19426,21704,23558,25136,26537,27854,28906,29962,30963,31924,32758,33475,34250
LG,LG G4c,,2015,Android OS,5/1/2015,16699,71326,0,0,0,0,0,0,0,0,0,0,11733,7674,5354,3674,2309,1242,348,447,1038,1752,2249,2738,3203,3657,4139,4404,4836,5101,5428
LG,LG G4 Stylus,,2015,Android OS,4/1/2015,20699,68605,0,0,0,0,0,0,0,0,0,10410,6789,4690,3234,2105,1119,324,381,993,1557,1957,2473,2880,3279,3649,3965,4227,4608,4821,5144
LG,LG AKA,,2015,Android OS,3/1/2015,20836,74537,0,0,0,0,0,0,0,0,10479,6882,4787,3223,2115,1111,378,395,992,1553,2036,2451,2940,3244,3623,3992,4276,4546,4908,5181,5425
LG,LG Magna,,2015,Android OS,2/1/2015,13078,70173,0,0,0,0,0,0,0,9179,6049,4125,2847,1799,1013,303,339,814,1384,1786,2141,2562,2877,3232,3522,3767,4000,4272,4501,4749,4912
LG,LG G Flex2,,2015,Android OS,1/1/2015,24962,644996,0,0,0,0,0,0,60,8677,13713,17304,20113,22482,24287,25980,27452,28749,29967,31137,32065,32947,33842,34625,35371,36150,36767,37401,38011,38645,39251
LG,LG G3 Stylus,,2014,Android OS,8/1/2014,20443,343325,0,0,0,0,0,0,0,0,0,0,0,0,18,7112,11320,14212,16458,18337,19948,21280,22551,23626,24608,25400,26318,26976,27715,28432,29014
LG,LG L Bello,,2014,Android OS,8/1/2014,9365,314296,0,0,0,0,0,0,0,0,0,0,0,0,22,6545,10327,12990,15076,16787,18239,19515,20578,21640,22494,23328,24033,24766,25388,25985,26583
LG,LG L Fino,,2014,Android OS,8/1/2014,12852,302219,0,0,0,0,0,0,0,0,0,0,0,0,19,6266,9936,12472,14546,16197,17535,18788,19829,20777,21659,22403,23095,23773,24396,24969,25559
LG,LG G Vista,,2014,Android OS,8/1/2014,25227,423787,0,0,0,0,0,0,0,0,0,0,0,0,114,8860,13864,17579,20335,22624,24662,26308,27747,29141,30273,31393,32403,33364,34208,35063,35849
LG,LG G Pad 7.0HSPA ,,2014,Android OS,8/1/2014,17432,409952,0,0,0,0,0,0,0,0,0,0,0,0,85,8572,13504,17022,19742,21934,23863,25378,26860,28109,29264,30441,31360,32219,33062,33927,34610
LG,LG G3 S,,2014,Android OS,7/1/2014,17200,68160,0,0,0,0,0,0,0,0,0,0,0,12069,7985,5531,3694,2469,1295,386,479,1149,1737,2353,2833,3348,3769,4143,4590,5002,5328
LG,LG L65 D280,,2014,Android OS,6/1/2014,17414,74698,0,0,0,0,0,0,0,0,0,0,12297,8025,5574,3780,2456,1375,343,465,1120,1797,2414,2870,3364,3890,4217,4602,5066,5324,5719
LG,LG G Pad 8.3HSPA ,,2014,Android OS,3/1/2014,21500,522170,0,0,0,0,0,0,0,107,7517,11837,14988,17313,19340,20963,22368,23657,24798,25778,26754,27597,28373,29137,29893,30515,31160,31753,32206,32788,33328
LG,LG G2 miniHSPA ,,2014,Android OS,2/1/2014,16392,593286,0,0,0,0,0,0,22,8037,12705,15912,18532,20641,22363,23905,25255,26507,27560,28552,29474,30309,31137,31817,32544,33253,33800,34374,34992,35507,36088
LG,LG G2 mini,,2014,Android OS,2/1/2014,17067,617759,0,0,0,0,0,0,35,8325,13190,16608,19298,21454,23305,24868,26262,27611,28763,29786,30733,31557,32443,33183,33866,34560,35188,35791,36420,37019,37494
LG,LG L90 Dual D410,,2014,Android OS,2/1/2014,25230,652307,0,0,0,0,0,0,69,8815,13941,17510,20370,22676,24555,26244,27720,29077,30353,31430,32401,33403,34281,34981,35755,36585,37186,37885,38459,38997,39614
LG,LG L90 D405,,2014,Android OS,2/1/2014,17206,623018,0,0,0,0,0,0,23,8355,13293,16726,19478,21656,23543,25110,26535,27826,28940,29980,31008,31831,32729,33416,34173,34827,35554,36149,36758,37240,37868
LG,LG L70 D320N,,2014,Android OS,2/1/2014,13072,75231,0,0,0,0,0,0,9188,6012,4210,2881,1847,1008,294,289,836,1294,1771,2152,2540,2856,3176,3447,3754,4014,4319,4494,4692,4988,5169
LG,LG L70 Dual D325,,2014,Android OS,2/1/2014,12190,441199,0,0,0,0,0,0,51,5956,9386,11910,13778,15338,16686,17804,18749,19664,20506,21209,21891,22591,23141,23703,24194,24695,25139,25591,26023,26392,26802
LG,LG L40 D160,,2014,Android OS,2/1/2014,8516,70094,0,0,0,0,0,0,8597,5591,3907,2657,1710,953,257,273,761,1212,1630,2028,2365,2667,3013,3272,3489,3708,3966,4160,4448,4631,4799
LG,LG G Pro 2,,2014,Android OS,2/1/2014,28568,117478,0,0,0,0,0,0,14412,9351,6549,4403,2930,1506,433,457,1287,2127,2709,3405,4030,4459,5042,5379,5932,6342,6625,7009,7372,7713,8006
LG,LG GX F310L,,2013,Android OS,12/1/2013,20035,253006,0,0,0,0,0,0,0,0,0,0,0,0,0,0,0,81,7026,11056,13915,16162,17959,19585,20880,22018,23132,24048,24926,25712,26506
LG,LG G Flex,,2013,Android OS,10/1/2013,28035,67082,0,0,0,0,0,0,0,0,0,0,0,0,0,14037,9213,6377,4335,2830,1472,399,437,1287,2083,2717,3267,3863,4425,4963,5377
LG,LG Fireweb,,2013,Firefox OS 1.1,10/1/2013,12502,42071,0,0,0,0,0,0,0,0,0,0,0,0,0,8779,5759,4007,2770,1762,983,297,299,834,1253,1675,2067,2417,2755,3069,3345
LG,LG G Pro Lite Dual,,2013,Android OS,10/1/2013,20735,318743,0,0,0,0,0,0,0,0,0,0,0,0,0,27,7237,11473,14453,16788,18639,20209,21641,22785,23880,24921,25818,26615,27387,28109,28761
LG,LG Optimus L2 II E435,,2013,Android OS,10/1/2013,8777,42185,0,0,0,0,0,0,0,0,0,0,0,0,0,8849,5745,3977,2763,1798,969,286,337,783,1263,1713,2129,2412,2730,3090,3341
LG,LG Optimus GJ E975W,,2013,Android OS,5/1/2013,24027,546355,0,0,0,0,0,0,0,0,0,8390,13293,16758,19349,21610,23478,25027,26513,27765,28918,29970,30813,31703,32544,33343,34065,34821,35385,35991,36619
LG,LG Optimus L4 II Dual E445,,2013,Android OS,6/1/2013,13024,386811,0,0,0,0,0,0,0,0,0,9,6325,10041,12713,14694,16405,17740,19017,20041,21067,21927,22721,23412,24123,24752,25348,25857,26371,26870,27378
LG,LG Optimus L4 II E440,,2013,Android OS,6/1/2013,13351,396686,0,0,0,0,0,0,0,0,0,74,6477,10297,13023,15122,16798,18209,19503,20543,21531,22443,23300,24020,24726,25345,25955,26548,27092,27604,28076
LG,LG Optimus F3,,2013,Android OS,6/1/2013,8501,360735,0,0,0,0,0,0,0,0,0,1,5975,9415,11825,13754,15246,16622,17678,18703,19632,20446,21191,21888,22503,23022,23654,24102,24572,25040,25466
LG,LG Lucid2 VS870,,2013,Android OS,4/1/2013,24708,94413,0,0,0,0,0,0,0,12369,8120,5578,3790,2414,1307,344,407,1214,1748,2423,2877,3404,3860,4345,4700,5069,5415,5770,6137,6399,6723
LG,LG Optimus F6,,2013,Android OS,8/1/2013,20193,56999,0,0,0,0,0,0,0,0,0,0,0,10100,6605,4650,3127,2070,1077,315,328,958,1451,2002,2348,2759,3158,3510,3875,4195,4471
LG,LG Optimus F5,,2013,Android OS,2/1/2013,20161,553647,0,0,0,0,0,87,7046,11153,14038,16306,18121,19701,21051,22189,23251,24180,25139,25859,26635,27342,28022,28563,29182,29716,30213,30782,31246,31694,32131
LG,LG Optimus G Pro E985,,2013,Android OS,2/1/2013,29494,809777,0,0,0,0,0,117,10258,16251,20582,23850,26506,28786,30718,32408,34071,35369,36732,37890,39024,40066,40997,41847,42636,43467,44310,44925,45704,46367,46896
LG,LG Optimus L7 II Dual P715,,2013,Android OS,2/1/2013,17125,657903,0,0,0,0,0,47,8339,13217,16628,19305,21511,23347,25032,26366,27708,28812,29802,30817,31688,32508,33344,33989,34731,35317,35996,36558,37100,37585,38156
LG,LG Optimus L7 II P710,,2013,Android OS,2/1/2013,17438,107601,0,0,0,0,0,12241,8093,5568,3745,2483,1305,415,395,1114,1743,2364,2845,3441,3829,4307,4607,5081,5394,5718,5997,6297,6578,6868,7173
LG,LG Optimus L5 II Dual E455,,2013,Android OS,2/1/2013,12260,471316,0,0,0,0,0,28,6008,9437,11969,13870,15408,16716,17848,18908,19827,20655,21371,22038,22716,23324,23863,24340,24831,25350,25784,26207,26585,26941,27292
LG,LG Optimus L5 II E460,,2013,Android OS,2/1/2013,12640,486057,0,0,0,0,0,63,6212,9789,12315,14295,15901,17236,18444,19461,20450,21290,22034,22778,23427,24015,24591,25131,25651,26054,26548,27001,27429,27801,28141
LG,LG Optimus L3 II Dual E435,,2013,Android OS,2/1/2013,9336,82395,0,0,0,0,0,9395,6132,4213,2902,1852,980,276,369,854,1408,1847,2204,2579,2898,3263,3595,3805,4113,4381,4637,4838,5066,5301,5487
LG,LG Optimus L3 II E430,,2013,Android OS,2/1/2013,8823,484421,0,0,0,0,0,17,6132,9731,12311,14204,15810,17228,18409,19432,20402,21166,21935,22692,23349,23976,24506,25047,25548,26026,26496,26907,27298,27678,28121
LG,LG Optimus L1 II E410,,2013,Android OS,2/1/2013,8797,77609,0,0,0,0,0,8866,5834,3970,2776,1788,988,284,325,785,1288,1725,2091,2402,2726,3111,3343,3613,3856,4134,4330,4525,4793,4922,5134
LG,LG Spectrum II 4G VS930,,2012,Android OS,10/1/2012,16017,376738,0,0,0,0,0,0,0,0,0,0,0,0,111,7855,12419,15553,18141,20141,21819,23375,24684,25868,26965,27947,28806,29689,30421,31160,31784
LG,LG Optimus Vu II F200,,2012,Android OS,9/1/2012,16456,420216,0,0,0,0,0,0,0,0,0,0,0,107,7992,12658,16069,18620,20652,22474,23954,25392,26595,27674,28661,29660,30438,31283,32024,32641,33322
LG,LG Optimus G E970,,2012,Android OS,9/1/2012,21175,386284,0,0,0,0,0,0,0,0,0,0,0,74,7418,11633,14750,17050,19015,20608,22035,23342,24417,25419,26372,27251,28007,28767,29363,30063,30700
LG,LG Splendor US730,,2012,Android OS,9/1/2012,13429,342850,0,0,0,0,0,0,0,0,0,0,0,17,6531,10401,13036,15205,16891,18317,19567,20698,21697,22559,23377,24186,24854,25479,26128,26692,27215
LG,LG Escape P870,,2012,Android OS,9/1/2012,17395,443993,0,0,0,0,0,0,0,0,0,0,0,4,8542,13430,16938,19627,21834,23741,25405,26846,28071,29286,30327,31285,32184,32986,33765,34517,35205
LG,LG Optimus L9 P760,,2012,Android OS,8/1/2012,16886,466065,0,0,0,0,0,0,0,0,0,0,116,8302,13049,16444,19050,21184,23089,24629,26001,27332,28430,29412,30336,31248,32041,32887,33492,34218,34805
LG,LG Motion 4G MS770,,2012,Android OS,8/1/2012,13346,368531,0,0,0,0,0,0,0,0,0,0,83,6517,10345,13021,15060,16746,18206,19484,20603,21562,22488,23304,23995,24707,25326,25906,26546,27047,27585
LG,LG Optimus Vu P895,,2012,Android OS,8/1/2012,20276,399636,0,0,0,0,0,0,0,0,0,0,18,7061,11167,14070,16336,18168,19805,21082,22299,23379,24383,25257,26081,26773,27505,28190,28801,29373,29888
LG,LG Optimus L3 E405,,2012,Android OS,1/1/2012,8396,84603,0,0,0,8451,5569,3855,2621,1691,934,292,289,810,1228,1655,2019,2368,2603,2955,3184,3466,3681,3899,4172,4333,4559,4734,4937,5081,5217
LG,LG OptimusHSPA 2,,2012,Android OS,5/1/2012,20447,496685,0,0,0,0,0,0,0,61,7095,11297,14192,16515,18353,19985,21351,22555,23636,24519,25452,26258,26994,27712,28437,28965,29650,30146,30663,31207,31642
LG,LG Optimus True HDHSPA  P936,,2012,Android OS,4/1/2012,20574,531797,0,0,0,0,0,0,12,7150,11327,14302,16655,18460,20059,21414,22654,23735,24674,25581,26391,27148,27905,28609,29181,29749,30365,30877,31378,31846,32325
LG,LG Lucid 4G VS840,,2012,Android OS,3/1/2012,16020,98715,0,0,0,0,0,11232,7381,5146,3539,2198,1201,327,441,1016,1694,2165,2696,3079,3509,3928,4236,4595,4912,5257,5481,5774,6047,6330,6531
LG,LG Optimus M+ MS695,,2012,Android OS,3/1/2012,8175,448693,0,0,0,0,0,27,5696,9040,11340,13182,14715,15909,17048,18000,18846,19649,20361,20974,21631,22147,22721,23209,23646,24108,24521,24950,25280,25678,26015
LG,LG Optimus 4X HD P880,,2012,Android OS,2/1/2012,20718,97501,0,0,0,0,10433,6803,4750,3186,2043,1126,303,410,960,1546,1963,2445,2920,3293,3621,3966,4239,4604,4799,5057,5328,5575,5814,6058,6259
LG,LG Optimus 3D Max P720,,2012,Android OS,2/1/2012,20591,598436,0,0,0,0,101,7188,11335,14312,16606,18457,20037,21509,22663,23794,24700,25588,26421,27206,27971,28629,29240,29804,30360,30942,31442,31829,32374,32748,33180
LG,LG Optimus L7 P700,,2012,Android OS,2/1/2012,13326,87991,0,0,0,0,9421,6108,4260,2928,1909,1021,318,281,836,1383,1774,2196,2607,2949,3265,3519,3864,4119,4404,4627,4864,5022,5229,5405,5682
LG,LG Optimus L5 E610,,2012,Android OS,2/1/2012,12684,83528,0,0,0,0,8903,5856,4037,2785,1733,950,268,292,875,1313,1702,2084,2485,2827,3061,3401,3632,3939,4154,4389,4576,4760,4953,5179,5374
LG,LG Optimus Vu F100S,,2012,Android OS,2/1/2012,20970,98664,0,0,0,0,10497,6857,4751,3293,2131,1174,293,393,952,1570,2013,2460,2891,3263,3679,4039,4323,4649,4927,5174,5385,5674,5863,6111,6302
LG,LG Connect 4G MS840,,2012,Android OS,1/1/2012,12170,85569,0,0,0,8535,5613,3858,2680,1702,934,284,339,816,1206,1629,2030,2346,2641,3010,3221,3518,3745,4020,4242,4377,4570,4817,4945,5175,5316
LG,LG Spectrum VS920,,2012,Android OS,1/1/2012,13212,567785,0,0,0,73,6418,10189,12883,14919,16655,18021,19268,20347,21321,22236,23032,23743,24476,25135,25680,26282,26777,27312,27742,28195,28585,29061,29416,29797,30222
LG,LG Prada 3.0,,2011,Android OS,12/1/2011,20932,50099,0,0,0,0,0,0,0,0,0,0,0,0,0,10522,6876,4718,3299,2101,1168,318,366,1002,1505,1999,2452,2877,3263,3671,3962
LG,LG Optimus 4GHSPA  P935,,2011,Android OS,11/1/2011,20821,54277,0,0,0,0,0,0,0,0,0,0,0,0,10487,6884,4707,3213,2079,1139,325,329,971,1531,2045,2479,2854,3306,3683,3972,4273
LG,LG Enlighten VS700,,2011,Android OS,9/1/2011,8076,318570,0,0,0,0,0,0,0,0,0,0,31,5605,8946,11229,13044,14541,15772,16843,17815,18618,19421,20117,20768,21313,21942,22404,22927,23381,23853
LG,LG Jil Sander Mobile,,2011,Microsoft Windows Phone 7.5 Mango,10/1/2011,12844,328158,0,0,0,0,0,0,0,0,0,0,0,38,6289,9949,12475,14492,16172,17553,18715,19833,20731,21603,22427,23132,23802,24397,24997,25508,26045
LG,LG OptimusHSPA  SU640,,2011,Android OS,10/1/2011,13299,339680,0,0,0,0,0,0,0,0,0,0,0,49,6475,10309,12970,15021,16755,18195,19412,20478,21516,22332,23131,23931,24659,25257,25874,26393,26923
LG,LG OptimusHSPA  LU6200,,2011,Android OS,10/1/2011,12138,309759,0,0,0,0,0,0,0,0,0,0,0,23,5909,9358,11831,13701,15232,16595,17696,18723,19565,20376,21124,21828,22470,23035,23581,24114,24598
LG,LG Optimus EX SU880,,2011,Android OS,9/1/2011,12648,348928,0,0,0,0,0,0,0,0,0,0,87,6162,9747,12317,14295,15870,17280,18414,19485,20403,21237,21998,22710,23440,24050,24627,25126,25588,26092
LG,LG Optimus Q2 LU6500,,2011,Android OS,9/1/2011,12010,331578,0,0,0,0,0,0,0,0,0,0,74,5853,9267,11679,13595,15147,16396,17553,18509,19385,20221,20959,21577,22197,22796,23338,23882,24372,24778
LG,LG Optimus Sol E730,,2011,Android OS,8/1/2011,12680,58645,0,0,0,0,0,0,0,0,0,8896,5854,4021,2758,1786,963,244,299,845,1280,1703,2136,2437,2809,3102,3384,3696,3907,4166,4359
LG,LG Optimus Net Dual,,2011,Android OS,2/1/2011,8736,87886,0,0,0,8813,5776,3975,2766,1728,934,289,321,849,1289,1660,2069,2449,2736,3076,3369,3578,3885,4049,4282,4488,4762,4891,5109,5319,5424
LG,LG Esteem MS910,,2011,Android OS,9/1/2011,12063,333214,0,0,0,0,0,0,0,0,0,0,72,5929,9342,11734,13601,15173,16495,17632,18637,19495,20287,21057,21728,22347,22876,23458,23943,24480,24928
LG,LG Optimus Pro C660,,2011,Android OS,7/1/2011,8668,394286,0,0,0,0,0,0,0,0,9,6092,9531,12056,13974,15546,16942,18055,19076,20000,20798,21617,22283,22958,23485,24069,24626,25135,25530,26031,26473
LG,LG Optimus Big LU6800,,2011,Android OS,4/1/2011,20028,549706,0,0,0,0,0,6,6983,11041,13882,16153,18036,19549,20916,22067,23082,24034,24896,25716,26520,27212,27819,28427,28987,29506,30036,30573,30959,31451,31855
LG,LG US760 Genesis,,2011,Android OS,5/1/2011,8830,456856,0,0,0,0,0,0,40,6202,9764,12303,14289,15860,17231,18390,19481,20412,21188,21981,22697,23325,23957,24537,25101,25538,26059,26525,26937,27317,27722
LG,LG Phoenix P505,,2011,Android OS,4/1/2011,13436,516444,0,0,0,0,0,94,6609,10363,13080,15162,16870,18346,19567,20739,21659,22620,23431,24205,24887,25529,26084,26672,27272,27717,28248,28680,29097,29551,29962
LG,LG Thrive P506,,2011,Android OS,4/1/2011,9061,497459,0,0,0,0,0,73,6344,9980,12575,14638,16314,17678,18894,19957,20881,21728,22517,23251,23985,24603,25161,25731,26232,26724,27202,27651,28079,28456,28805
LG,LG Thrill 4G P925,,2011,Android OS,3/1/2011,21097,613357,0,0,0,0,68,7382,11685,14719,17002,18944,20583,22019,23246,24315,25363,26310,27134,27905,28622,29325,29948,30553,31063,31623,32172,32609,33154,33603,34010
LG,LG Optimus 3D P920,,2011,Android OS,1/1/2011,16822,125738,0,0,11855,7735,5325,3692,2390,1231,349,381,1160,1677,2245,2795,3291,3704,4124,4453,4859,5228,5512,5821,6098,6312,6588,6932,7069,7366,7546
LG,LG Optimus Pad V900,,2011,Android OS,2/1/2011,16116,113427,0,0,0,11390,7464,5150,3507,2244,1183,339,341,1064,1667,2165,2691,3094,3592,3921,4304,4607,4980,5326,5569,5891,6077,6341,6618,6841,7061
LG,LG Optimus Black P970,,2011,Android OS,1/1/2011,13037,97453,0,0,9126,5992,4173,2850,1798,1034,298,305,879,1304,1750,2182,2510,2844,3222,3474,3769,4019,4234,4496,4725,4949,5122,5366,5473,5659,5900
LG,LG Optimus Me P350,,2011,Android OS,1/1/2011,8063,86264,0,0,8088,5292,3652,2522,1629,905,240,304,745,1218,1557,1897,2222,2542,2776,3054,3321,3536,3783,4011,4192,4377,4552,4687,4897,5073,5192
LG,LG Optimus 2X,,2010,Android OS,12/1/2010,12031,283001,0,0,0,0,0,0,0,0,0,0,0,0,61,5896,9305,11690,13624,15142,16462,17526,18571,19435,20262,20949,21633,22249,22883,23424,23889
LG,LG Optimus 2X SU660,,2010,Android OS,12/1/2010,17390,408902,0,0,0,0,0,0,0,0,0,0,0,0,49,8536,13410,16939,19687,21820,23777,25412,26785,28117,29226,30351,31292,32150,33043,33808,34500
LG,LG Optimus Mach LU3000,,2010,Android OS,12/1/2010,12608,296487,0,0,0,0,0,0,0,0,0,0,0,0,84,6127,9717,12315,14253,15863,17235,18351,19412,20341,21248,21998,22723,23291,23958,24552,25019
LG,LG Revolution,,2011,Android OS,1/1/2011,8605,92086,0,0,8636,5671,3895,2687,1744,923,309,288,836,1279,1690,2058,2393,2748,2983,3289,3551,3770,4006,4209,4488,4674,4827,5029,5166,5375,5562
LG,LG Axis,,2011,Android OS,1/1/2011,9424,100585,0,0,9463,6177,4258,2940,1841,1031,270,312,863,1352,1813,2201,2644,2979,3331,3628,3904,4113,4375,4604,4872,5083,5304,5488,5720,5920,6099
LG,LG Quantum,,2010,Microsoft Windows Phone 7,10/1/2010,9435,57837,0,0,0,0,0,0,0,0,0,0,9470,6232,4286,2976,1894,1058,257,340,862,1375,1833,2269,2656,2962,3276,3608,3881,4190,4412
LG,LG E900 Optimus 7,,2010,Microsoft Windows Phone 7,10/1/2010,12424,53219,0,0,0,0,0,0,0,0,0,0,8762,5682,3999,2718,1732,922,299,292,789,1291,1686,2071,2410,2730,3026,3283,3620,3854,4053
LG,LG Optimus One P500,,2010,Android OS,7/1/2010,8292,63827,0,0,0,0,0,0,0,8298,5498,3782,2598,1682,932,300,281,763,1237,1604,1936,2263,2631,2923,3138,3428,3690,3906,4106,4316,4515
LG,LG GW910,,2010,Microsoft Windows Phone 7,9/1/2010,13499,401039,0,0,0,0,0,0,0,0,0,13,6598,10435,13189,15273,16995,18411,19668,20792,21846,22683,23559,24254,25018,25656,26245,26826,27351,27855,28372
LG,LG Fathom VS750,,2010,Microsoft Windows Mobile 6.5 Professional,5/1/2010,4639,101782,0,0,0,0,0,1,1289,2046,2583,2988,3337,3609,3859,4082,4288,4454,4623,4760,4906,5037,5147,5258,5361,5479,5557,5650,5747,5820,5901
LG,LG Optimus Q LU2300,,2010,Android OS,4/1/2010,9495,89663,0,0,0,0,9573,6253,4332,2940,1860,1048,329,340,935,1424,1841,2260,2682,2959,3293,3594,3936,4197,4467,4688,4919,5106,5381,5552,5754
LG,LG GW820 eXpo,,2009,Microsoft Windows Mobile 6.5 Professional,12/1/2009,8355,47257,0,0,0,0,0,0,0,0,0,0,0,8438,5495,3832,2646,1656,876,302,292,742,1217,1609,1970,2356,2624,2934,3191,3399,3678
LG,LG GM750,,2009,Microsoft Windows Mobile 6.5 Professional,9/1/2009,24892,566049,0,0,0,0,0,0,0,0,11,8666,13717,17262,20094,22329,24294,25961,27444,28752,29883,31037,31964,32911,33730,34611,35355,36007,36673,37337,38011
LG,LG CT810 Incite,,2008,Microsoft Windows Mobile 6.1 Professional,11/1/2008,9026,382988,0,0,0,0,0,0,0,0,0,57,6316,9921,12579,14581,16238,17581,18769,19919,20798,21661,22434,23231,23881,24510,25073,25598,26113,26641,27087
LG,LG KS20,,2007,Microsoft Windows Mobile 6.0 Professional,9/1/2007,8904,460576,0,0,0,0,0,0,55,6232,9797,12350,14358,15992,17365,18591,19593,20535,21431,22210,22873,23543,24146,24741,25269,25816,26298,26688,27157,27597,27939
NEC,NEC Terrain,,2013,Android OS,6/1/2013,29111,96213,0,0,0,0,0,0,0,0,0,14698,9514,6704,4513,2844,1634,428,573,1304,2064,2796,3528,3979,4591,5105,5516,6053,6419,6796,7154
NIU,NIU Niutek 3G 3.5 N209,,2012,Android OS,6/1/2012,12133,386335,0,0,0,0,0,0,0,0,59,5949,9402,11831,13743,15217,16610,17713,18702,19606,20415,21145,21850,22416,23051,23561,24065,24583,25070,25447,25900
NIU,NIU Niutek 3G 4.0 N309,,2012,Android OS,6/1/2012,12870,409700,0,0,0,0,0,0,0,0,21,6245,9916,12572,14514,16206,17565,18761,19802,20760,21615,22440,23171,23865,24425,25044,25608,26089,26562,27037,27482
NOKIA,Nokia Lumia 625,,2013,Microsoft Windows Phone 8,7/1/2013,16461,454487,0,0,0,0,0,0,0,0,0,0,88,8088,12698,16068,18597,20672,22475,23999,25391,26585,27689,28708,29603,30473,31279,32029,32683,33369,33993
NOKIA,Nokia Lumia 505,,2012,Microsoft Windows Phone 7.8,12/1/2012,13291,41137,0,0,0,0,0,0,0,0,0,0,0,0,0,0,9331,6170,4280,2941,1856,975,296,298,909,1325,1798,2229,2596,2913,3220
NOKIA,Nokia Lumia 620,,2012,Microsoft Windows Phone 8,12/1/2012,13250,259354,0,0,0,0,0,0,0,0,0,0,0,0,0,0,0,6471,10219,12875,14961,16629,18058,19324,20462,21433,22301,23102,23850,24482,25187
NOKIA,Nokia Lumia 822,,2012,Microsoft Windows Phone 8,10/1/2012,28444,74379,0,0,0,0,0,0,0,0,0,0,0,0,14305,9295,6518,4481,2874,1584,522,548,1266,2034,2830,3445,3913,4508,4989,5470,5797
NOKIA,Nokia Lumia 510,,2012,Microsoft Windows Phone 7.8,10/1/2012,12691,298492,0,0,0,0,0,0,0,0,0,0,0,0,25,6179,9813,12364,14319,15977,17347,18488,19600,20537,21332,22117,22858,23507,24140,24646,25243
NOKIA,Nokia Lumia 810,,2012,Microsoft Windows Phone 8,10/1/2012,24701,414732,0,0,0,0,0,0,0,0,0,0,0,0,103,8595,13576,17195,19915,22233,24142,25725,27160,28474,29691,30791,31706,32595,33449,34332,35050
NOKIA,Nokia Lumia 920,,2012,Microsoft Windows Phone 8,9/1/2012,20137,367433,0,0,0,0,0,0,0,0,0,0,0,45,7056,11123,13987,16264,18138,19659,20982,22203,23186,24200,25085,25845,26604,27314,27996,28562,29184
NOKIA,Nokia Lumia 820,,2012,Microsoft Windows Phone 8,9/1/2012,16181,63928,0,0,0,0,0,0,0,0,0,0,0,11387,7454,5119,3550,2239,1255,402,338,1101,1627,2171,2720,3147,3548,3992,4264,4628,4986
NOKIA,Nokia Lumia 610 NFC,,2012,Microsoft Windows Phone 7.5 Mango,4/1/2012,12698,73012,0,0,0,0,0,0,8893,5834,4016,2746,1770,945,258,333,854,1257,1742,2120,2466,2793,3117,3366,3669,3929,4114,4422,4583,4789,4996
NOKIA,Nokia 800c,,2012,Microsoft Windows Phone 7.5 Mango,3/1/2012,16762,103357,0,0,0,0,0,11830,7673,5339,3662,2297,1292,336,353,1065,1700,2278,2759,3205,3659,4111,4466,4889,5217,5526,5745,6105,6364,6594,6892
NOKIA,Nokia Lumia 610,,2012,Microsoft Windows Phone 7.5 Mango,2/1/2012,8823,83330,0,0,0,0,8868,5766,4021,2763,1790,959,306,281,855,1335,1684,2128,2446,2769,3102,3393,3667,3927,4117,4366,4565,4758,4988,5140,5336
NOKIA,Nokia Lumia 900,,2012,Microsoft Windows Phone 7.5 Mango,2/1/2012,16350,107640,0,0,0,0,11478,7522,5226,3590,2237,1250,312,388,1042,1680,2183,2771,3216,3555,3972,4369,4668,5050,5332,5644,5943,6229,6456,6658,6869
NOKIA,Nokia Lumia 900 AT&T,,2012,Microsoft Windows Phone 7.5 Mango,1/1/2012,17224,740251,0,0,0,5,8408,13259,16820,19517,21640,23575,25168,26568,27878,28967,29966,30942,31854,32695,33444,34227,34957,35573,36152,36785,37373,37902,38362,38845,39369
NOKIA,Nokia Lumia 800,,2011,Microsoft Windows Phone 7.5 Mango,10/1/2011,12229,312385,0,0,0,0,0,0,0,0,0,0,0,81,6015,9468,11933,13854,15381,16699,17808,18823,19729,20539,21323,21957,22668,23222,23802,24261,24822
NOKIA,Nokia Lumia 710 T-Mobile,,2011,Microsoft Windows Phone 7.5 Mango,12/1/2011,12949,278549,0,0,0,0,0,0,0,0,0,0,0,0,0,40,6288,9975,12595,14621,16257,17676,18930,19953,20912,21746,22546,23308,23937,24586,25179
NOKIA,Nokia Lumia 710,,2011,Microsoft Windows Phone 7.5 Mango,10/1/2011,8517,310757,0,0,0,0,0,0,0,0,0,0,0,83,5975,9369,11885,13752,15320,16607,17729,18751,19691,20427,21224,21864,22530,23127,23641,24139,24643
NOKIA,Nokia N9,,2011,MeeGo OS,6/1/2011,12167,65354,0,0,0,0,0,0,0,8594,5618,3919,2672,1691,915,273,287,782,1286,1641,2020,2402,2684,2961,3249,3463,3760,3949,4167,4382,4639
NOKIA,Nokia N900,,2009,Maemo 5,8/1/2009,17404,591761,0,0,0,0,0,0,0,4,8459,13403,16984,19685,21838,23744,25436,26881,28062,29237,30390,31303,32232,33051,33834,34626,35278,35987,36513,37114,37700
PANASONIC,Panasonic Eluga Mark,,2015,Android OS,12/1/2015,16851,40952,0,0,0,0,0,0,0,0,0,0,0,0,0,0,0,0,0,11874,7718,5403,3630,2363,1249,332,453,1119,1756,2299,2756
PANASONIC,Panasonic T31,,2013,Android OS,10/1/2013,9292,285844,0,0,0,0,0,0,0,0,0,0,0,0,0,77,6517,10242,12927,15005,16653,18162,19323,20462,21455,22285,23145,23925,24567,25252,25847
QMOBILE,QMobile Noir S5,,2015,Android OS,8/1/2015,13470,290038,0,0,0,0,0,0,0,0,0,0,0,0,0,91,6590,10435,13115,15215,16960,18347,19613,20801,21780,22692,23469,24267,24888,25579,26196
QMOBILE,QMobile Noir Z9,,2015,Android OS,7/1/2015,20272,340146,0,0,0,0,0,0,0,0,0,0,0,0,90,7034,11153,14079,16321,18187,19743,21176,22322,23356,24311,25216,26039,26774,27464,28150,28731
QMOBILE,QMobile A1,,2015,Android OS,7/1/2015,8811,295994,0,0,0,0,0,0,0,0,0,0,0,0,71,6148,9750,12217,14256,15871,17170,18352,19423,20289,21138,21940,22605,23297,23937,24486,25044
QMOBILE,QMobile Noir S1,,2015,Android OS,7/1/2015,9051,47125,0,0,0,0,0,0,0,0,0,0,0,0,9056,5942,4098,2855,1799,957,276,319,810,1307,1790,2123,2522,2886,3185,3438,3762
QMOBILE,QMobile Noir i8,,2015,Android OS,5/1/2015,12391,53007,0,0,0,0,0,0,0,0,0,0,8723,5753,3923,2703,1771,972,261,307,779,1248,1647,2020,2402,2753,3000,3274,3601,3841,4029
QMOBILE,QMobile Noir X450,,2015,Android OS,5/1/2015,16542,456352,0,0,0,0,0,0,0,0,0,0,18,8042,12732,16083,18735,20750,22538,24172,25485,26740,27845,28784,29710,30654,31415,32120,32827,33517,34185
QMOBILE,QMobile Noir Z8 Plus,,2015,Android OS,5/1/2015,17121,472442,0,0,0,0,0,0,0,0,0,0,18,8419,13235,16695,19309,21581,23424,24968,26425,27645,28775,29798,30753,31638,32464,33244,34049,34646,35356
QMOBILE,QMobile Noir X350,,2015,Android OS,4/1/2015,13204,391953,0,0,0,0,0,0,0,0,0,26,6443,10175,12864,14888,16576,18007,19220,20346,21326,22177,23022,23723,24425,25115,25636,26239,26783,27262,27700
QMOBILE,QMobile Noir M300,,2015,Android OS,3/1/2015,16801,83917,0,0,0,0,0,0,0,0,11839,7687,5321,3694,2344,1316,392,411,1070,1763,2321,2748,3248,3686,4090,4489,4828,5211,5531,5832,6096
QMOBILE,QMobile Noir Z8,,2015,Android OS,3/1/2015,16966,540065,0,0,0,0,0,0,0,0,37,8256,13103,16540,19225,21391,23173,24769,26099,27397,28480,29530,30507,31361,32241,33042,33679,34354,35015,35616,36250
QMOBILE,QMobile Linq X70,,2015,Android OS,2/1/2015,9039,439030,0,0,0,0,0,0,0,44,6315,9937,12581,14608,16213,17632,18853,19934,20825,21701,22538,23186,23943,24492,25093,25616,26208,26662,27103,27543,28003
QMOBILE,QMobile Noir A750,,2015,Android OS,2/1/2015,20560,499344,0,0,0,0,0,0,0,0,7160,11338,14349,16594,18494,20040,21415,22640,23730,24705,25570,26412,27194,27921,28579,29215,29757,30323,30808,31324,31776
QMOBILE,QMobile Noir LT250,,2015,Android OS,2/1/2015,12508,67152,0,0,0,0,0,0,0,8833,5762,4014,2739,1714,983,301,266,847,1261,1704,2053,2443,2782,3025,3323,3613,3846,4098,4299,4525,4721
QMOBILE,QMobile Noir X400,,2014,Android OS,11/1/2014,8015,32697,0,0,0,0,0,0,0,0,0,0,0,0,0,0,0,8053,5261,3662,2478,1611,898,270,256,791,1162,1575,1902,2220,2558
QMOBILE,QMobile Noir M90,,2014,Android OS,9/1/2014,13304,286365,0,0,0,0,0,0,0,0,0,0,0,0,0,8,6529,10291,12921,15071,16758,18147,19449,20508,21462,22376,23221,23892,24622,25229,25881
QMOBILE,QMobile Noir Z6,,2014,Android OS,7/1/2014,16081,63569,0,0,0,0,0,0,0,0,0,0,0,11361,7446,5184,3458,2284,1187,368,339,1046,1646,2182,2674,3123,3547,3913,4257,4589,4965
QMOBILE,QMobile Noir i6,,2014,Android OS,5/1/2014,12994,60323,0,0,0,0,0,0,0,0,0,9140,6029,4168,2860,1824,1015,333,331,853,1331,1774,2188,2530,2823,3168,3456,3736,4040,4257,4467
QMOBILE,QMobile Noir i9,,2014,Android OS,5/1/2014,12711,58761,0,0,0,0,0,0,0,0,0,8928,5815,4070,2747,1741,960,244,302,790,1337,1686,2110,2490,2842,3105,3403,3640,3951,4179,4421
QMOBILE,QMobile Noir V4,,2014,Android OS,1/1/2014,17107,656956,0,0,0,0,0,50,8387,13186,16642,19310,21465,23344,24962,26322,27611,28724,29771,30763,31677,32428,33201,33935,34699,35305,35899,36541,37044,37635,38055
QMOBILE,QMobile Noir A15 3D,,2013,Android OS,7/1/2013,16495,455553,0,0,0,0,0,0,0,0,0,0,2,8106,12702,16104,18629,20769,22568,24065,25433,26620,27784,28769,29640,30565,31381,32123,32723,33469,34101
SONY,Sony Ericsson Xperia Arc S,,2011,Android OS,8/1/2011,20912,69181,0,0,0,0,0,0,0,0,0,10479,6932,4773,3291,2072,1103,377,368,933,1496,2031,2440,2936,3279,3680,3980,4307,4607,4922,5175
SONY,Sony Ericsson Xperia neo V,,2011,Android OS,8/1/2011,12212,362739,0,0,0,0,0,0,0,0,0,29,5941,9467,11930,13833,15362,16639,17796,18805,19725,20518,21323,21936,22627,23190,23747,24223,24765,25199,25684
SONY,Sony Ericsson Live with Walkman,,2011,Android OS,8/1/2011,12455,57699,0,0,0,0,0,0,0,0,0,8802,5736,3992,2695,1747,935,317,271,846,1265,1712,2107,2386,2772,3046,3292,3628,3827,4042,4281
SONY,Sony Ericsson Xperia ray,,2011,Android OS,6/1/2011,16252,87360,0,0,0,0,0,0,0,11455,7482,5167,3568,2228,1225,328,452,1113,1652,2212,2660,3131,3579,4015,4332,4736,5049,5342,5583,5858,6193
SONY,Sony Ericsson Xperia active,,2011,Android OS,6/1/2011,16531,562206,0,0,0,0,0,0,0,45,8119,12757,16090,18648,20822,22555,24164,25463,26680,27849,28781,29789,30595,31360,32152,32797,33540,34185,34690,35285,35840
SONY,Sony Ericsson Xperia mini,,2011,Android OS,5/1/2011,12378,71340,0,0,0,0,0,0,8705,5722,3957,2734,1721,946,277,322,826,1246,1723,2055,2402,2738,3002,3282,3532,3810,4022,4254,4487,4670,4907
SONY,Sony Ericsson Xperia mini pro,,2011,Android OS,5/1/2011,13423,77263,0,0,0,0,0,0,9459,6148,4249,2927,1846,1061,287,317,860,1415,1840,2193,2598,2949,3284,3616,3874,4164,4345,4652,4824,5079,5276
SONY,Sony Ericsson W8,,2011,Android OS,4/1/2011,8413,461674,0,0,0,0,0,2,5875,9268,11710,13621,15097,16385,17532,18550,19376,20222,20988,21589,22209,22847,23356,23859,24321,24778,25253,25631,26050,26418,26737
SONY,Sony Ericsson Xperia PLAY,,2011,Android OS,2/1/2011,12857,90433,0,0,0,9025,5962,4060,2776,1804,958,330,336,826,1292,1757,2125,2534,2856,3161,3424,3683,3933,4213,4403,4648,4899,5103,5272,5462,5591
SONY,Sony Ericsson Xperia pro,,2011,Android OS,2/1/2011,16549,116425,0,0,0,11691,7579,5221,3629,2375,1270,403,405,1101,1684,2278,2754,3181,3674,4042,4400,4797,5108,5374,5701,6014,6307,6478,6749,6953,7257
SONY,Sony Ericsson Xperia Neo,,2011,Android OS,2/1/2011,12505,537221,0,0,0,79,6119,9641,12137,14161,15683,17042,18256,19238,20231,21023,21786,22496,23117,23725,24318,24801,25337,25772,26299,26729,27137,27444,27854,28255,28541
SONY,Sony Ericsson Xperia Arc,,2011,Android OS,1/1/2011,16617,752376,0,0,34,8106,12829,16208,18810,20951,22685,24222,25634,26890,27912,28951,29894,30722,31533,32326,32956,33715,34291,34912,35459,35970,36484,36970,37511,37974,38427
SONY,Sony Ericsson Xperia PLAY HSPA  ,,2011,Android OS,2/1/2011,8782,539154,0,0,0,24,6120,9707,12228,14138,15765,17091,18347,19337,20227,21130,21892,22612,23214,23828,24389,24929,25412,25938,26344,26787,27148,27578,27980,28308,28681
SONY,Sony Ericsson Xperia X8,,2010,Android OS,6/1/2010,12834,464565,0,0,0,0,0,0,78,6300,9941,12494,14496,16151,17486,18712,19759,20725,21568,22331,23126,23757,24402,24908,25507,26020,26453,26982,27408,27777,28184
SONY,Sony Ericsson Xperia X10 mini pro,,2010,Android OS,2/1/2010,9079,587389,0,0,50,6344,9983,12625,14665,16341,17677,18962,20018,20931,21845,22590,23315,23993,24610,25260,25770,26303,26792,27202,27717,28134,28473,28932,29277,29639,29941
SONY,Sony Ericsson Xperia X10 mini,,2010,Android OS,2/1/2010,8100,524135,0,0,24,5622,8966,11304,13100,14583,15822,16876,17861,18731,19470,20202,20817,21386,22006,22516,22992,23439,23892,24343,24665,25085,25438,25805,26076,26394,26720
SONY,Sony Ericsson Aspen,,2010,Microsoft Windows Mobile 6.5.3 Professional,2/1/2010,9026,584106,0,0,15,6256,9943,12546,14594,16255,17606,18858,19877,20847,21668,22478,23151,23901,24515,25038,25582,26144,26657,27129,27550,27970,28388,28748,29117,29473,29800
SONY,Sony Ericsson Xperia X10,,2009,Android OS,11/1/2009,13001,55583,0,0,0,0,0,0,0,0,0,0,9166,6037,4102,2861,1839,954,286,331,844,1291,1807,2123,2493,2844,3171,3501,3701,4017,4215
SONY,Sony Ericsson Xperia X2,,2009,Microsoft Windows Mobile 6.5/6.5.2 Professional,9/1/2009,12232,61080,0,0,0,0,0,0,0,0,8612,5663,3932,2670,1724,911,234,310,797,1291,1677,2065,2363,2655,3023,3226,3486,3769,4015,4246,4411
TOSHIBA,Toshiba Excite 13 AT335,,2012,Android OS,4/1/2012,36575,150217,0,0,0,0,0,0,18361,12040,8280,5731,3725,1985,610,559,1654,2660,3517,4284,5058,5713,6451,7012,7571,7992,8539,9051,9387,9825,10212
TOSHIBA,Toshiba Excite 10 AT305,,2012,Android OS,4/1/2012,25415,104546,0,0,0,0,0,0,12747,8365,5843,3915,2567,1390,431,442,1131,1852,2439,3076,3518,3943,4415,4863,5289,5612,5893,6203,6598,6811,7203
TOSHIBA,Toshiba Windows Phone IS12T,,2011,Microsoft Windows Phone 7.5 Mango,7/1/2011,36600,832347,0,0,0,0,0,0,0,0,51,12713,20135,25508,29635,32943,35664,38207,40345,42210,43913,45492,47042,48383,49600,50772,51968,52997,54051,54945,55773
TOSHIBA,Toshiba TG01,,2009,Microsoft Windows Mobile 6.1 Professional,1/1/2009,32600,1163672,18,11390,17965,22681,26250,29277,31755,34056,35824,37584,39188,40555,41926,43066,44249,45298,46235,47127,48088,48831,49731,50491,51187,51932,52576,53261,53727,54358,55046
TOSHIBA,Toshiba G910 / G920,,2008,Microsoft Windows Mobile 6 Professional,1/1/2008,17197,141112,7957,5443,3778,2393,1367,336,472,1123,1730,2292,2892,3397,3770,4254,4535,4910,5277,5665,5977,6177,6535,6812,7070,7336,7524,7679,7914,8179,8318
VERTU,Vertu Aster,,2014,Android OS,10/1/2014,41104,574863,0,0,0,0,0,0,0,0,0,0,0,0,0,0,159,14347,22680,28656,33206,37012,40060,42860,45160,47424,49308,51204,52843,54247,55697
VERTU,Vertu Signature Touch,,2014,Android OS,6/1/2014,40189,122832,0,0,0,0,0,0,0,0,0,0,20241,13146,9144,6224,4017,2212,611,726,1875,3007,3818,4712,5546,6354,7089,7590,8261,8834,9425
VERYKOOL,verykool s5017Q Dorado,,2015,Android OS,11/1/2015,12085,191238,0,0,0,0,0,0,0,0,0,0,0,0,0,0,0,0,15,5895,9368,11795,13678,15190,16470,17596,18605,19553,20309,21067,21697
VERYKOOL,verykool s5518Q Maverick,,2015,Android OS,11/1/2015,13403,212256,0,0,0,0,0,0,0,0,0,0,0,0,0,0,0,0,54,6587,10319,13072,15169,16899,18325,19546,20643,21674,22547,23325,24096
VERYKOOL,verykool s5518 Maverick,,2015,Android OS,7/1/2015,12604,46078,0,0,0,0,0,0,0,0,0,0,0,0,8858,5841,4020,2752,1798,985,291,300,827,1269,1744,2073,2442,2788,3059,3380,3651
VERYKOOL,verykool s5012 Orbit,,2014,Android OS,10/1/2014,13114,40448,0,0,0,0,0,0,0,0,0,0,0,0,0,0,9191,6005,4179,2897,1872,1009,279,292,899,1313,1740,2139,2560,2891,3182
VERYKOOL,verykool SL4500 Fusion,,2015,Android OS,3/1/2015,16919,538795,0,0,0,0,0,0,0,0,110,8227,13126,16495,19089,21312,23087,24654,26073,27328,28418,29491,30459,31297,32173,32868,33661,34327,34920,35517,36163
VERYKOOL,verykool s4510 Luna,,2014,Android OS,9/1/2014,8168,39157,0,0,0,0,0,0,0,0,0,0,0,0,0,8176,5388,3732,2518,1598,876,242,303,752,1168,1598,1964,2277,2586,2828,3151
VERYKOOL,verykool s5014 Atlas,,2015,Android OS,2/1/2015,13001,442310,0,0,0,0,0,0,0,65,6320,10002,12682,14664,16380,17771,18953,20085,20980,21909,22691,23423,24069,24672,25296,25815,26341,26883,27343,27776,28190
VERYKOOL,verykool s5015 Spark II,,2015,Android OS,1/1/2015,16568,599980,0,0,0,0,0,0,29,8152,12804,16150,18735,20886,22581,24176,25594,26728,27816,28915,29759,30678,31518,32239,32969,33524,34173,34779,35400,35911,36464
VERYKOOL,verykool s4002 Leo,,2015,Android OS,1/1/2015,8752,452848,0,0,0,0,0,0,64,6132,9658,12146,14169,15742,17110,18274,19248,20219,21033,21834,22480,23172,23746,24287,24851,25359,25830,26265,26697,27058,27474
VERYKOOL,verykool s4010 Gazelle,,2015,Android OS,1/1/2015,9230,75993,0,0,0,0,0,0,9284,6096,4247,2895,1865,997,289,346,895,1389,1790,2187,2548,2907,3196,3504,3795,4023,4276,4527,4737,5004,5196
VERYKOOL,verykool s354,,2014,Android OS,7/1/2014,8832,322308,0,0,0,0,0,0,0,0,0,0,0,10,6147,9765,12261,14272,15855,17243,18427,19473,20375,21221,22029,22717,23322,23967,24519,25106,25599
VODAFONE,Vodafone Smart prime 7,,2016,Android OS,5/1/2016,8574,48545,0,0,0,0,0,0,0,0,0,0,0,8633,5654,3929,2709,1694,943,254,307,825,1261,1685,2022,2358,2666,2990,3264,3569,3782
VODAFONE,Vodafone Smart prime 6,,2015,Android OS,5/1/2015,12729,54606,0,0,0,0,0,0,0,0,0,0,8995,5888,4093,2806,1823,951,263,297,838,1299,1717,2127,2428,2821,3122,3429,3673,3890,4146
VODAFONE,Vodafone Smart first 6,,2015,Android OS,5/1/2015,8337,51139,0,0,0,0,0,0,0,0,0,0,8366,5516,3788,2641,1692,920,288,294,820,1231,1622,1989,2336,2615,2915,3168,3406,3678,3854
VODAFONE,Vodafone Smart 4 mini,,2014,Android OS,4/1/2014,4542,82576,0,0,0,0,0,0,0,0,1,1261,1998,2522,2930,3261,3549,3790,3994,4181,4366,4520,4663,4810,4922,5036,5160,5261,5353,5456,5542
VODAFONE,Vodafone Smart III 975,,2013,Android OS,7/1/2013,12680,54233,0,0,0,0,0,0,0,0,0,0,8876,5806,4013,2783,1815,975,299,279,811,1311,1702,2145,2471,2797,3064,3369,3635,3890,4192
VODAFONE,Vodafone Smart Mini,,2013,Android OS,6/1/2013,5156,34097,0,0,0,0,0,0,0,0,0,5203,3397,2360,1632,1009,567,165,198,476,732,985,1215,1454,1639,1783,1953,2134,2273,2392,2530
XIAOMI,Xiaomi Redmi Note Prime,,2015,Android OS,12/1/2015,13038,31692,0,0,0,0,0,0,0,0,0,0,0,0,0,0,0,0,0,9212,5963,4141,2879,1791,972,270,327,872,1307,1755,2203
XIAOMI,Xiaomi Mi Pad 2,,2015,Android OS,11/1/2015,21472,40370,0,0,0,0,0,0,0,0,0,0,0,0,0,0,0,0,10758,7099,4864,3363,2111,1181,376,415,953,1563,2103,2568,3016
XIAOMI,Xiaomi Redmi Note 2,,2015,Android OS,8/1/2015,17430,58664,0,0,0,0,0,0,0,0,0,0,0,0,0,12300,8014,5587,3768,2419,1353,419,407,1107,1823,2342,2845,3446,3870,4316,4648
XIAOMI,Xiaomi Redmi Note 4G,,2014,Android OS,8/1/2014,16732,60953,0,0,0,0,0,0,0,0,0,0,0,0,11824,7689,5326,3664,2294,1252,395,463,1040,1698,2264,2749,3261,3629,4061,4520,4824
XIAOMI,Xiaomi Mi 3,,2013,Android OS,9/1/2013,17065,401431,0,0,0,0,0,0,0,0,0,0,0,0,103,8352,13176,16578,19281,21469,23287,24953,26355,27610,28729,29787,30701,31641,32369,33195,33845
XIAOMI,Xiaomi Mi 2S,,2013,Android OS,4/1/2013,20286,77799,0,0,0,0,0,0,0,10227,6701,4584,3127,2079,1081,324,309,939,1443,1952,2388,2816,3193,3507,3875,4186,4504,4774,5028,5290,5472
XOLO,XOLO Black 1X,,2015,Android OS,10/1/2015,12990,229797,0,0,0,0,0,0,0,0,0,0,0,0,0,0,0,8,6382,10039,12679,14647,16327,17712,18997,20055,20962,21865,22680,23391,24053
XOLO,XOLO Black,,2015,Android OS,7/1/2015,17362,63340,0,0,0,0,0,0,0,0,0,0,0,0,12178,7982,5538,3837,2444,1271,399,480,1078,1782,2372,2848,3365,3845,4293,4649,4979
XOLO,XOLO Era,,2015,Android OS,7/1/2015,9119,47523,0,0,0,0,0,0,0,0,0,0,0,0,9177,6030,4138,2859,1782,1029,266,303,844,1349,1798,2156,2496,2898,3200,3488,3710
XOLO,XOLO Prime,,2015,Android OS,5/1/2015,8476,51763,0,0,0,0,0,0,0,0,0,0,8485,5541,3880,2612,1719,888,299,309,754,1225,1642,2004,2362,2678,2926,3244,3502,3709,3984
XOLO,XOLO A1010,,2015,Android OS,3/1/2015,8145,58054,0,0,0,0,0,0,0,0,8160,5382,3682,2528,1591,903,237,287,788,1202,1579,1960,2236,2574,2837,3144,3338,3592,3800,4002,4232
XOLO,XOLO Win Q1000,,2015,Microsoft Windows Phone 8.1,2/1/2015,12026,408959,0,0,0,0,0,0,0,46,5875,9276,11721,13592,15158,16421,17518,18500,19437,20246,20958,21671,22245,22830,23356,23880,24411,24851,25267,25644,26056
XOLO,XOLO 8X-1020,,2015,Android OS,2/1/2015,12343,66311,0,0,0,0,0,0,0,8665,5696,3903,2677,1764,952,306,302,809,1223,1689,2011,2416,2749,3043,3319,3589,3823,4006,4240,4428,4701
XOLO,XOLO Omega 5.5,,2014,Android OS,12/1/2014,13220,209297,0,0,0,0,0,0,0,0,0,0,0,0,0,0,0,0,32,6462,10178,12868,14959,16626,18040,19292,20333,21362,22280,23060,23805
XOLO,XOLO Omega 5.0,,2014,Android OS,12/1/2014,12505,197897,0,0,0,0,0,0,0,0,0,0,0,0,0,0,0,0,27,6107,9699,12156,14170,15721,17108,18220,19237,20210,20988,21778,22476
XOLO,XOLO Opus 3,,2014,Android OS,12/1/2014,12273,194277,0,0,0,0,0,0,0,0,0,0,0,0,0,0,0,0,11,5976,9464,11939,13903,15406,16768,17878,18905,19813,20670,21431,22113
XOLO,XOLO Q1020,,2014,Android OS,10/1/2014,13298,41105,0,0,0,0,0,0,0,0,0,0,0,0,0,0,9348,6123,4212,2938,1847,1021,312,340,906,1336,1761,2193,2628,2884,3256
XOLO,XOLO One,,2014,Android OS,10/1/2014,8056,35522,0,0,0,0,0,0,0,0,0,0,0,0,0,0,8117,5331,3708,2477,1588,857,290,248,717,1162,1547,1887,2230,2557,2806
XOLO,XOLO Play 8X-1100,,2014,Android OS,8/1/2014,16979,399272,0,0,0,0,0,0,0,0,0,0,0,0,113,8275,13128,16577,19144,21332,23153,24725,26172,27394,28604,29638,30564,31452,32241,33004,33756
XOLO,XOLO Play 8X-1200,,2014,Android OS,7/1/2014,24284,443092,0,0,0,0,0,0,0,0,0,0,0,30,8462,13456,16948,19631,21818,23701,25257,26763,28003,29135,30257,31223,32100,32948,33730,34515,35115
XOLO,XOLO Hive 8X-1000,,2014,Android OS,8/1/2014,17201,404527,0,0,0,0,0,0,0,0,0,0,0,0,112,8455,13262,16788,19427,21634,23475,25134,26522,27746,28889,29997,30939,31855,32690,33423,34179
XOLO,XOLO Win Q900s,,2014,Microsoft Windows Phone 8.1,6/1/2014,12663,349430,0,0,0,0,0,0,0,0,0,0,19,6185,9789,12299,14266,15894,17290,18434,19495,20486,21338,22107,22776,23392,24025,24633,25174,25688,26140
XOLO,XOLO A500S Lite,,2014,Android OS,5/1/2014,8651,367115,0,0,0,0,0,0,0,0,0,65,6056,9517,12048,13925,15548,16855,18017,19067,19981,20757,21543,22265,22871,23512,24060,24525,25016,25521,25966
XOLO,XOLO Q1010i,,2014,Android OS,3/1/2014,16714,568267,0,0,0,0,0,0,0,70,8128,12962,16265,18844,21037,22802,24432,25749,26951,28107,29155,30044,30960,31695,32452,33248,33830,34529,35053,35695,36259
XOLO,XOLO A510s,,2014,Android OS,3/1/2014,9201,446946,0,0,0,0,0,0,0,52,6412,10152,12801,14898,16544,17948,19155,20243,21242,22139,22872,23692,24312,24941,25532,26072,26617,27142,27635,28032,28513
XOLO,XOLO Q2500,,2014,Android OS,3/1/2014,16753,569648,0,0,0,0,0,0,0,6,8172,12950,16332,18881,21120,22828,24439,25835,27103,28123,29143,30153,31042,31874,32521,33244,34009,34594,35231,35755,36293
XOLO,XOLO A500 Club,,2014,Android OS,1/1/2014,8185,449217,0,0,0,0,0,53,5690,9054,11369,13216,14673,15996,17029,17996,18882,19644,20372,21060,21645,22188,22694,23231,23703,24112,24576,24989,25322,25695,26028
XOLO,XOLO Q1010,,2014,Android OS,2/1/2014,12447,71577,0,0,0,0,0,0,8745,5746,3943,2699,1733,980,267,305,794,1244,1719,2028,2426,2741,3053,3323,3562,3849,4082,4251,4482,4734,4871
XOLO,XOLO Q1100,,2014,Android OS,1/1/2014,12173,467787,0,0,0,0,0,21,5912,9388,11878,13736,15269,16595,17732,18756,19681,20449,21195,21878,22509,23155,23661,24224,24696,25089,25602,26017,26418,26763,27163
XOLO,XOLO Q700s,,2014,Android OS,1/1/2014,12444,478433,0,0,0,0,0,46,6117,9599,12132,14076,15668,16977,18185,19212,20115,20919,21688,22379,23056,23646,24218,24755,25189,25712,26167,26547,26945,27370,27715
XOLO,XOLO Q3000,,2013,Android OS,12/1/2013,20050,40976,0,0,0,0,0,0,0,0,0,0,0,0,0,0,0,10054,6650,4591,3082,2054,1079,340,378,963,1491,1924,2400,2781,3189
XOLO,XOLO Q1000 Opus,,2013,Android OS,12/1/2013,9441,38531,0,0,0,0,0,0,0,0,0,0,0,0,0,0,0,9530,6198,4336,2981,1934,1033,257,294,847,1428,1839,2228,2637,2989
XOLO,XOLO LT900,,2013,Android OS,10/1/2013,16395,55211,0,0,0,0,0,0,0,0,0,0,0,0,0,11535,7600,5209,3559,2278,1301,419,405,1118,1713,2284,2742,3156,3597,3952,4343
XOLO,XOLO Q500,,2013,Android OS,11/1/2013,8107,35938,0,0,0,0,0,0,0,0,0,0,0,0,0,0,8158,5366,3699,2538,1654,908,283,310,740,1179,1549,1906,2254,2575,2819
XOLO,XOLO Q800 X-Edition,,2013,Android OS,2/1/2013,9274,508970,0,0,0,0,0,85,6491,10219,12910,15002,16689,18076,19355,20383,21411,22242,23083,23850,24474,25136,25725,26301,26821,27321,27842,28254,28738,29087,29475
XOLO,XOLO A500S IPS,,2013,Android OS,7/1/2013,12333,52776,0,0,0,0,0,0,0,0,0,0,8657,5653,3922,2733,1717,929,279,275,777,1296,1669,2074,2357,2746,2981,3309,3522,3820,4060
XOLO,XOLO Q2000,,2013,Android OS,11/1/2013,16353,50739,0,0,0,0,0,0,0,0,0,0,0,0,0,0,11471,7520,5264,3559,2281,1264,405,421,1088,1625,2271,2759,3209,3582,4020
XOLO,XOLO Q900,,2013,Android OS,10/1/2013,12558,42299,0,0,0,0,0,0,0,0,0,0,0,0,0,8846,5771,4001,2765,1787,975,263,300,805,1295,1733,2124,2480,2750,3088,3316
XOLO,XOLO A600,,2013,Android OS,10/1/2013,8849,42535,0,0,0,0,0,0,0,0,0,0,0,0,0,8936,5823,4023,2802,1772,982,274,280,861,1288,1726,2088,2431,2792,3121,3336
XOLO,XOLO A500L,,2013,Android OS,10/1/2013,9033,43338,0,0,0,0,0,0,0,0,0,0,0,0,0,9098,5922,4151,2813,1775,940,277,275,873,1333,1788,2131,2549,2865,3122,3426
XOLO,XOLO Q700i,,2013,Android OS,10/1/2013,12140,40912,0,0,0,0,0,0,0,0,0,0,0,0,0,8514,5628,3863,2676,1710,968,308,289,813,1231,1655,2061,2362,2687,2947,3200
XOLO,XOLO Tab,,2013,Android OS,9/1/2013,12550,294984,0,0,0,0,0,0,0,0,0,0,0,0,2,6150,9651,12260,14166,15785,17152,18284,19372,20243,21108,21832,22557,23255,23830,24377,24960
XOLO,XOLO Q1000s,,2013,Android OS,8/1/2013,17354,68692,0,0,0,0,0,0,0,0,0,0,0,12231,8012,5475,3795,2471,1332,373,393,1179,1728,2410,2853,3388,3816,4289,4584,5030,5333
XOLO,XOLO A500S,,2013,Android OS,8/1/2013,13418,342604,0,0,0,0,0,0,0,0,0,0,0,21,6593,10321,13025,15164,16852,18345,19541,20682,21696,22555,23418,24118,24857,25457,26121,26622,27216
XOLO,XOLO Play,,2013,Android OS,7/1/2013,16405,70250,0,0,0,0,0,0,0,0,0,0,11537,7599,5223,3597,2278,1221,393,393,1038,1737,2282,2694,3163,3633,3954,4429,4688,5032,5359
XOLO,XOLO Q600,,2013,Android OS,7/1/2013,12173,52163,0,0,0,0,0,0,0,0,0,0,8562,5627,3857,2683,1686,953,304,272,760,1290,1635,2060,2331,2675,2958,3291,3548,3730,3941
XOLO,XOLO X1000,,2013,Android OS,3/1/2013,16492,94999,0,0,0,0,0,0,11574,7624,5249,3632,2279,1221,402,441,1031,1685,2190,2759,3164,3616,4005,4379,4810,5028,5429,5737,6001,6269,6474
XOLO,XOLO X500,,2013,Android OS,1/1/2013,9307,540973,0,0,0,0,76,6475,10259,12938,15003,16678,18151,19358,20499,21465,22325,23182,23940,24564,25264,25861,26377,26941,27496,27943,28426,28847,29243,29667,29995
XOLO,XOLO Q1000,,2013,Android OS,5/1/2013,17454,555723,0,0,0,0,0,0,0,0,122,8476,13451,16995,19696,21962,23809,25448,26938,28163,29363,30432,31345,32249,33200,33932,34695,35397,36066,36710,37274
XOLO,XOLO Q800,,2013,Android OS,2/1/2013,12809,78921,0,0,0,0,0,8966,5896,4069,2775,1791,1009,252,306,836,1296,1695,2126,2480,2833,3170,3450,3703,3949,4154,4419,4642,4872,5025,5207
XOLO,XOLO Q700,,2013,Android OS,5/1/2013,12596,62877,0,0,0,0,0,0,0,0,8884,5774,4046,2710,1742,956,294,275,805,1314,1745,2095,2434,2736,3107,3364,3635,3905,4120,4390,4546
YOTA,Yota YotaPhone 2,,2014,Android OS,2/1/2014,36985,956541,0,0,0,0,0,0,151,12955,20411,25690,29841,33133,36001,38528,40637,42710,44472,46096,47511,48910,50221,51381,52476,53598,54507,55522,56348,57277,58165
YOTA,Yota YotaPhone,,2012,Android OS,12/1/2012,32891,72732,0,0,0,0,0,0,0,0,0,0,0,0,0,0,16573,10788,7447,5166,3246,1846,538,582,1458,2466,3120,3983,4643,5127,5749
YU,YU Yunique Plus,,2016,Android OS,8/1/2016,9415,263223,0,0,0,0,0,0,0,0,0,0,0,0,0,0,17,6604,10389,13054,15155,16908,18382,19630,20715,21684,22582,23445,24188,24922,25548
YU,YU Yunique,,2015,Android OS,9/1/2015,8925,249719,0,0,0,0,0,0,0,0,0,0,0,0,0,0,31,6212,9817,12414,14437,16048,17411,18627,19622,20637,21437,22213,22954,23605,24254
ZTE,ZTE Axon 7 mini,,2016,Android OS,9/1/2016,25330,320083,0,0,0,0,0,0,0,0,0,0,0,0,0,0,0,75,8835,13950,17617,20455,22755,24701,26456,27895,29224,30495,31534,32606,33485
YU,YU Yuphoria,,2015,Android OS,5/1/2015,8580,338230,0,0,0,0,0,0,0,0,0,0,14,5982,9489,11913,13811,15449,16707,17923,18879,19822,20591,21362,22028,22649,23299,23793,24362,24837,25320
ZTE,ZTE Zmax Pro,,2016,Android OS,7/1/2016,13324,44676,0,0,0,0,0,0,0,0,0,0,0,0,0,9357,6095,4269,2896,1862,1000,311,366,865,1341,1824,2207,2559,2926,3256,3542
ZTE,ZTE Axon 7,,2016,Android OS,5/1/2016,32926,92999,0,0,0,0,0,0,0,0,0,0,0,16580,10826,7468,5080,3375,1840,582,493,1595,2446,3140,3857,4600,5141,5729,6234,6819,7194
ZTE,ZTE nubia N1,,2016,Android OS,7/1/2016,25222,60617,0,0,0,0,0,0,0,0,0,0,0,0,0,12671,8357,5789,3879,2484,1404,453,471,1229,1902,2399,2956,3472,3983,4391,4777
ZTE,ZTE Blade V Plus,,2016,Android OS,1/1/2016,24829,602976,0,0,0,0,0,0,0,43,8675,13752,17230,20020,22364,24251,25827,27388,28598,29830,30908,31920,32771,33737,34481,35171,35919,36558,37292,37851,38390
ZTE,ZTE Avid Plus,,2016,Android OS,1/1/2016,13105,445654,0,0,0,0,0,0,0,12,6367,10166,12727,14811,16460,17860,19093,20221,21181,22070,22842,23591,24298,24905,25504,26005,26560,27086,27490,27976,28429
ZTE,ZTE Axon,,2015,Android OS,10/1/2015,24337,307100,0,0,0,0,0,0,0,0,0,0,0,0,0,0,0,12,8456,13417,16878,19635,21843,23693,25320,26781,28101,29241,30263,31253,32207
ZTE,ZTE Axon mini,,2015,Android OS,10/1/2015,28968,59094,0,0,0,0,0,0,0,0,0,0,0,0,0,0,0,14538,9464,6617,4476,2966,1633,472,477,1414,2159,2774,3462,4039,4603
ZTE,ZTE Zmax 2,,2015,Android OS,9/1/2015,12572,38875,0,0,0,0,0,0,0,0,0,0,0,0,0,0,8805,5750,4051,2763,1792,1004,264,322,851,1270,1688,2053,2431,2783,3048
ZTE,ZTE Axon Pro,,2015,Android OS,7/1/2015,28121,73157,0,0,0,0,0,0,0,0,0,0,0,0,14162,9221,6343,4436,2858,1475,416,551,1311,2001,2682,3325,3851,4430,4930,5388,5777
ZTE,ZTE Obsidian,,2015,Android OS,8/1/2015,12256,41251,0,0,0,0,0,0,0,0,0,0,0,0,0,8643,5670,3881,2714,1700,927,300,262,835,1221,1658,2044,2411,2704,3003,3278
ZTE,ZTE Grand X2,,2015,Android OS,8/1/2015,12061,259726,0,0,0,0,0,0,0,0,0,0,0,0,0,2,5882,9353,11740,13654,15178,16444,17588,18608,19521,20303,21014,21729,22343,22919,23448
